,,,,,,,,Miscellaneous,,,,,,Team Advanced,,,,,Opponent Advanced,,,,,,,,,,Team Per Game,,,,,,,,,,,,,Opponent Per Game,,,,,,,,,,,,,,,,
Rk,Season,Tm,Lg,G,W,L,W/L%,MOV,SOS,SRS,Pace,ORtg,DRtg,eFG%,TS%,TOV%,ORB%,FT/FGA,eFG%,TS%,TOV%,ORB%,FT/FGA,MP,FG,FGA,2P,2PA,3P,3PA,FT,FTA,ORB,DRB,TRB,AST,STL,BLK,TOV,PF,PTS,FG,FGA,2P,2PA,3P,3PA,FT,FTA,ORB,DRB,TRB,AST,STL,BLK,TOV,PF,PTS
1,2010-11,ATL*,NBA,82,44,38,0.537,-0.82,-0.28,-1.1,89.3,106.1,107,0.501,0.542,13.5,23.4,0.209,0.495,0.537,12.3,25.4,0.211,240.6,36.2,78.4,30.1,61,6.1,17.4,16.4,21.1,9.3,30,39.3,22,6.1,4.2,13.6,19,95,36.7,79.7,31.1,63.2,5.6,16.6,16.8,21.7,10.2,30.3,40.6,21.4,6.7,4.2,12.5,18.5,95.8
2,2010-11,BOS*,NBA,82,56,26,0.683,5.37,-0.54,4.83,90.4,106.2,100.3,0.519,0.561,14.5,21.1,0.235,0.469,0.516,14.8,25.3,0.235,241.2,36.9,75.8,31.9,62.2,5,13.6,17.8,23.1,7.8,31,38.8,23.4,8.2,4.2,14.6,20.5,96.5,33.8,77.7,28.4,61.8,5.4,15.9,18.2,24.1,10.5,29.1,39.6,18.7,7,4.4,15.4,20.2,91.1
3,2010-11,CHA,NBA,82,34,48,0.415,-4,-0.08,-4.08,89.6,103.4,107.8,0.482,0.528,14.1,25.7,0.237,0.5,0.544,12.9,24.8,0.229,241.5,35,77.6,30.2,63,4.8,14.7,18.4,24.4,10.3,29.8,40.1,21.1,6.4,5.3,14.5,20,93.3,36,79.2,29,59.5,7,19.6,18.2,23.3,9.8,29.8,39.6,21.7,7.3,6,13.2,21.1,97.3
4,2010-11,CHI*,NBA,82,62,20,0.756,7.32,-0.79,6.53,90.4,108.3,100.3,0.501,0.541,13.5,29.4,0.227,0.463,0.509,13.6,23.8,0.222,241.8,37.1,80.3,30.9,63.1,6.2,17.3,18.2,24.5,11.8,32.4,44.2,22.3,7.2,5.7,14.2,20,98.6,34.2,79.5,29,63.6,5.2,16,17.7,23.1,10.1,28.3,38.4,19,6.9,5.8,14.1,20.1,91.3
5,2010-11,CLE,NBA,82,19,63,0.232,-9.01,0.14,-8.88,93,102.2,111.8,0.472,0.518,13.4,24.2,0.233,0.524,0.561,12.7,26.7,0.211,240.9,35.2,81.1,29,62.9,6.2,18.2,18.9,25.3,10.4,29.9,40.3,21,6.6,4.2,14.2,20.1,95.5,39.4,83,31.3,63.3,8.1,19.7,17.5,23.1,10.9,32.6,43.5,24.2,7.5,6,13.5,21.3,104.5
6,2010-11,DAL*,NBA,82,57,25,0.695,4.23,0.18,4.41,91.3,109.7,105,0.525,0.565,13.6,24.1,0.222,0.488,0.528,13,25.2,0.206,240.3,37.4,78.8,29.6,57.3,7.9,21.6,17.5,22.6,9.5,31.9,41.4,23.8,6.8,4.3,14,19.2,100.2,36.5,81.2,30.3,63.1,6.2,18,16.7,22.3,10.7,30,40.7,20.6,7.6,3.7,13.6,20.1,96
7,2010-11,DEN*,NBA,82,50,32,0.61,4.76,0.05,4.81,95.6,112.3,107.3,0.526,0.574,13.1,23.9,0.281,0.5,0.542,12.7,24.6,0.224,240.3,38.4,80.6,30.3,59.9,8.1,20.8,22.7,29.6,9.6,32.3,42,22.1,7.4,4.3,14.1,21,107.5,38.5,83.9,31.4,63.4,7,20.4,18.8,24.8,10.5,30.8,41.3,22.2,7.5,6,13.7,22.7,102.7
8,2010-11,DET,NBA,82,30,52,0.366,-3.6,-0.18,-3.78,89.2,107.7,111.7,0.495,0.533,12.5,27.4,0.206,0.526,0.567,13.8,27.9,0.235,242.4,37.3,81.1,31.5,65.7,5.8,15.3,16.7,22.6,11.4,27.3,38.6,21.1,7.3,4,13,19.9,97,37.9,78.1,31.5,60.3,6.4,17.8,18.3,23.9,10.6,30.1,40.7,23.3,6.9,4.6,14.1,18.8,100.6
9,2010-11,GSW,NBA,82,36,46,0.439,-2.33,0.33,-2,94.8,108.2,110.7,0.51,0.544,13.3,26.7,0.183,0.509,0.557,14.5,30.7,0.259,241.8,39.6,85.9,31.3,64.6,8.4,21.3,15.7,20.7,11.6,28.9,40.5,22.5,9,5,14.6,22,103.4,38.7,82.8,31.8,63.4,6.9,19.3,21.4,27.6,12.8,32,44.8,24.7,8.2,4.3,16.1,18.4,105.7
10,2010-11,HOU,NBA,82,43,39,0.524,2.18,0.19,2.37,94.2,111.3,109,0.503,0.55,12.3,27.4,0.239,0.5,0.543,12.6,27.3,0.219,242.4,38.7,85.1,30.4,62.6,8.3,22.5,20.3,25.4,11.7,31.1,42.8,23.8,7.1,4.5,13.5,20,105.9,39.8,85.1,34.4,69.9,5.5,15.2,18.6,23.8,11.6,31.1,42.8,20.8,7.2,5.5,13.7,21.4,103.7
11,2010-11,IND*,NBA,82,37,45,0.451,-1.07,-0.3,-1.38,94.7,104.8,106,0.486,0.533,14.1,25.9,0.235,0.487,0.531,12.8,25.9,0.237,241.2,36.6,82.8,29.5,62.6,7.1,20.2,19.4,24.8,11.1,32.4,43.5,19.6,7.1,5.6,15.4,21.7,99.8,37.5,83.4,31.2,66,6.2,17.4,19.7,26.3,11.4,31.9,43.3,20.4,7.5,5.7,13.9,21.4,100.9
12,2010-11,LAC,NBA,82,32,50,0.39,-3.13,0.42,-2.71,92.8,105.3,108.7,0.496,0.535,15.1,28.4,0.234,0.499,0.546,12.8,26.8,0.25,242.1,36.8,80.4,30.5,61.9,6.3,18.5,18.9,26.7,11.6,30.5,42.1,22.1,7.1,4.9,16.4,21.1,98.6,37.1,81.6,30,62.1,7.1,19.5,20.4,26.4,11.1,29.4,40.5,22.3,8,4.9,13.7,22.1,101.8
13,2010-11,LAL*,NBA,82,57,25,0.695,6.11,-0.1,6.01,90.7,111,104.3,0.502,0.545,12.3,29.2,0.228,0.477,0.514,12.8,27.7,0.181,241.8,38.1,82.4,31.8,64.3,6.4,18.1,18.8,24.1,12.1,31.9,44,22,7.3,5.1,13.1,19,101.5,36.7,84,29.9,63.7,6.8,20.3,15.2,19.9,12.2,29.3,41.5,22.3,7.1,4.5,13.6,20.7,95.4
14,2010-11,MEM*,NBA,82,46,36,0.561,2.34,0.2,2.55,91.9,107.6,105.1,0.493,0.534,13,28.9,0.218,0.502,0.545,15.7,27.5,0.228,242.4,39,82.9,35.3,71.6,3.8,11.3,18.1,24.2,11.8,29.2,41,20.6,9.4,5.4,14,20.8,99.9,36.2,79.1,29,59.7,7.2,19.4,18.1,23.8,11,29.1,40.1,21,7.5,6.2,16.7,21.4,97.6
15,2010-11,MIA*,NBA,82,58,24,0.707,7.46,-0.71,6.76,90.9,111.7,103.5,0.524,0.573,13.5,25.2,0.279,0.475,0.518,12.6,24.5,0.223,241.2,37,76.8,30.3,58.8,6.7,18,21.5,27.9,9.6,32.5,42.1,20,6.6,5.2,13.9,20.4,102.1,35,80.7,28.3,61.3,6.7,19.3,18,24.1,10.5,28.6,39.2,20.1,7,3,13.2,21.8,94.6
16,2010-11,MIL,NBA,82,35,47,0.427,-0.84,-0.17,-1.02,89.8,101.6,102.5,0.467,0.511,13,24.7,0.217,0.481,0.528,14.7,25.2,0.236,241.8,34.3,79.8,28.4,62.6,5.9,17.2,17.4,22.9,10.5,30.2,40.8,18.8,7.5,4.9,13.5,20.5,91.9,34.6,77.3,29.2,61.4,5.3,16,18.3,23.7,10.2,32.1,42.3,20.2,6.2,4.8,15.2,20.7,92.7
17,2010-11,MIN,NBA,82,17,65,0.207,-6.63,0.67,-5.97,96.5,104.2,111.1,0.483,0.526,15.1,29.6,0.217,0.514,0.56,13.1,26.3,0.251,241.2,37.7,85.5,30.5,66.5,7.2,19.1,18.5,24.1,13.2,31.2,44.4,20.1,7.2,5.1,17,22.3,101.1,39.4,84.2,31.6,63.4,7.8,20.8,21.1,27.2,11.1,31.4,42.6,24.8,9.5,5.5,14.4,20.9,107.7
18,2010-11,NJN,NBA,82,24,58,0.293,-6.24,-0.04,-6.28,89.9,103.1,109.9,0.474,0.517,13.4,26.1,0.215,0.503,0.547,11.8,25.8,0.241,244,35.6,81,30,64.6,5.6,16.3,17.4,22.9,11.1,29.8,40.8,21,5.6,4.7,14,22,94.2,37.4,80.5,31.2,63.5,6.2,17,19.4,25.8,10.4,31.4,41.8,22.2,6.8,4.6,12.3,20,100.4
19,2010-11,NOH*,NBA,82,46,36,0.561,0.89,0.39,1.28,88.7,106.2,105.2,0.493,0.537,12.8,25.1,0.226,0.501,0.543,14.4,23.8,0.22,241.8,35.9,78.2,30.5,63.2,5.4,15,17.7,23.1,10,30.1,40.1,20.6,7.6,4.4,13,21,94.9,35.1,76.9,28.4,57.9,6.8,19,17,22,9.4,30,39.3,21.2,6.1,4.8,14.5,20.4,94
20,2010-11,NYK*,NBA,82,42,40,0.512,0.78,-0.3,0.48,95.6,110.9,110.1,0.513,0.561,12.6,24.2,0.246,0.511,0.554,13.8,28.1,0.24,241.2,38.3,83.7,29,58.4,9.3,25.4,20.6,25.5,10.3,30.1,40.5,21.4,7.6,5.8,13.7,21.3,106.5,39.5,83.8,33,66.2,6.5,17.6,20.1,26.4,11.8,32.3,44,20.5,7.1,4.4,15.2,20.8,105.7
21,2010-11,OKC*,NBA,82,55,27,0.671,3.79,0.02,3.81,92.7,111.2,107.2,0.501,0.561,13.1,27.4,0.299,0.493,0.535,12.9,26.4,0.228,244,37.4,80.6,31.5,63.5,5.9,17.1,24.1,29.3,11,31.8,42.8,20.4,8,5.9,14.1,22.4,104.8,38.1,83.2,32.2,66.9,5.9,16.3,19,25.5,11.4,29.2,40.6,20.9,7.2,4.3,14,21.5,101
22,2010-11,ORL*,NBA,82,52,30,0.634,5.46,-0.54,4.92,91.2,107.9,102,0.521,0.554,14.3,26.1,0.227,0.475,0.518,13.3,23.1,0.219,241.8,36,78.2,26.7,52.5,9.4,25.6,17.7,25.6,10.5,32.7,43.2,20,6.7,4.7,14.9,20,99.2,34.9,80.1,28.6,62.1,6.3,18,17.6,23.7,9.8,29.9,39.7,20.1,7.4,3.8,13.9,21.8,93.7
23,2010-11,PHI*,NBA,82,41,41,0.5,1.5,-0.5,1.01,91.7,106.6,105,0.494,0.535,12.3,24.6,0.21,0.487,0.532,13.5,25.5,0.231,243,38.1,82.6,32.7,67.4,5.4,15.2,17.4,22.6,10.4,31.4,41.8,22.7,7.6,4.3,13,19.4,99,36.5,81,30.8,64.2,5.7,16.8,18.7,24.2,10.7,31.8,42.5,21.5,7.1,4.6,14.2,18.8,97.5
24,2010-11,PHO,NBA,82,40,42,0.488,-0.89,0.43,-0.46,94.4,109.5,110.4,0.522,0.559,13.2,23.7,0.215,0.513,0.551,13.1,28.4,0.211,244,39.3,83.5,30.7,60.8,8.5,22.6,18,23.6,10,30.2,40.2,23.7,6.6,4.4,14.3,20.3,105,40.4,85.6,33.2,66.1,7.1,19.5,18.1,24,12,32.3,44.3,23,7.9,4.3,14.5,21.2,105.9
25,2010-11,POR*,NBA,82,48,34,0.585,1.52,0.32,1.85,87.9,108.8,107.1,0.486,0.533,12.6,29.5,0.224,0.51,0.552,15.4,28,0.231,241.5,36,80.5,29.7,62.1,6.3,18.3,18,22.4,12.1,27.2,39.3,21.2,8,4.4,13,19.3,96.3,35.4,75.8,29,58.3,6.5,17.6,17.5,22.8,10.6,29.1,39.7,19.2,6.9,4.1,15.7,21.3,94.8
26,2010-11,SAC,NBA,82,24,58,0.293,-5.34,0.54,-4.8,95.2,103.5,109,0.48,0.519,14.4,29.9,0.208,0.513,0.555,13.5,25.6,0.233,242.1,38.2,85.1,33,69.5,5.2,15.6,17.7,24.2,13.1,30.8,43.9,20.4,7.4,4.8,16.1,22,99.4,39.8,83.2,33.9,66.7,5.9,16.5,19.4,25.4,10.6,30.6,41.2,21.7,8.1,5.7,14.7,21,104.7
27,2010-11,SAS*,NBA,82,61,21,0.744,5.71,0.16,5.86,92.3,111.8,105.6,0.527,0.567,12.8,24.9,0.229,0.491,0.528,12.6,25.4,0.19,241.2,38.4,80.8,30,59.8,8.4,21.1,18.5,24.2,10.1,31.7,41.9,22.4,7.3,4.5,13.4,19,103.7,38.1,83.7,32.3,67.7,5.8,15.9,15.9,20.7,10.8,30.4,41.2,20.5,6.9,4.6,13.4,20.7,98
28,2010-11,TOR,NBA,82,22,60,0.268,-6.28,0.01,-6.28,92.9,106.1,112.9,0.491,0.533,13.7,28.2,0.221,0.522,0.566,13,28,0.251,241.2,38.3,82.4,34.1,69.1,4.2,13.3,18.2,24.1,11.7,28.6,40.3,21.9,7.1,4.3,14.7,22,99.1,39.2,81.3,32.6,63.8,6.6,17.5,20.4,26.5,11.1,30,41.1,22.6,7.6,5.6,13.9,19.8,105.4
29,2010-11,UTA,NBA,82,39,43,0.476,-1.83,0.39,-1.44,91,108.1,110.1,0.498,0.544,13.5,27,0.241,0.505,0.556,13.8,28.3,0.275,242.4,37.4,80.4,32.1,65,5.3,15.3,19.4,25.1,11,28.5,39.5,23.4,7.7,5.9,14.3,22.7,99.4,36.2,78.8,29,59.6,7.2,19.2,21.7,27.9,11.3,29.6,40.9,20.7,7.4,5,14.6,22,101.3
30,2010-11,WAS,NBA,82,23,59,0.28,-7.4,0.11,-7.3,93.8,102.4,110.2,0.471,0.513,13.9,28,0.216,0.512,0.557,14.4,29.5,0.249,243,37.2,84,32.4,69.6,4.8,14.4,18.2,24.4,12.4,29,41.3,19.4,8.1,6.1,15.3,22.6,97.3,38.7,82.2,31.9,63.9,6.8,18.3,20.4,26.9,12.1,31.8,43.9,23.1,7.6,5,15.8,20.3,104.7
31,2011-12,ATL*,NBA,66,40,26,0.606,3.44,-0.77,2.67,90.2,104.9,101.2,0.5,0.535,13.4,23.9,0.192,0.48,0.517,14.4,25.6,0.186,244.9,36.8,81,29.3,60.9,7.5,20.2,15.5,21,9.9,31.3,41.2,22.4,8.1,4.6,14,17.8,96.6,36.1,81.3,30.1,64.1,5.9,17.2,15.1,20.1,10.8,31.5,42.3,20.5,7.5,4.7,15.1,19.1,93.2
32,2011-12,BOS*,NBA,66,39,27,0.591,2.52,-0.26,2.26,90.4,101,98.2,0.496,0.535,14.7,19.7,0.2,0.452,0.498,14.9,27.6,0.216,241.5,35.5,77.1,30,62.1,5.5,15,15.4,19.8,7.7,31.1,38.8,23.6,7.5,5.5,14.8,19.9,91.8,33.4,79.7,28.2,62.8,5.2,16.9,17.2,22.7,11.8,31.4,43.2,18.7,7.8,4.6,15.7,18.4,89.3
33,2011-12,CHA,NBA,66,7,59,0.106,-13.91,-0.05,-13.96,91.1,95.2,110.4,0.439,0.483,13.9,23.6,0.206,0.512,0.549,12.8,29.1,0.206,240.8,33.2,80.2,29.2,66.7,4,13.5,16.5,22.2,10.3,28.7,39,20.1,6,5.5,14.5,18.9,87,38.9,82,32.8,64.7,6.2,17.3,16.9,22.5,11.8,33.2,45,23.3,7.6,5.7,13.5,20.3,100.9
34,2011-12,CHI*,NBA,66,50,16,0.758,8.18,-0.76,7.43,89.1,107.4,98.3,0.49,0.523,13.2,32.6,0.184,0.45,0.486,12.8,25.7,0.175,241.5,37.4,82.8,31,65.8,6.3,16.9,15.2,21.1,13.9,32.8,46.7,23.1,6.9,5.9,14,17.3,96.3,34.6,82.1,30,67.9,4.6,14.2,14.3,19.4,11.4,28.6,40,18.9,7.4,5.2,13.3,17.7,88.2
35,2011-12,CLE,NBA,66,21,45,0.318,-7.2,-0.14,-7.34,91.3,101.1,108.9,0.463,0.505,14.3,28.9,0.22,0.508,0.544,13.1,27.8,0.202,241.9,34.3,81.2,27.6,61.9,6.7,19.3,17.8,24.9,12.7,29.5,42.3,19.8,7.1,4,15.4,20,93,38.4,82.3,31.6,63.6,6.8,18.7,16.6,22.2,11.4,31.4,42.8,23.1,7.9,6.2,13.9,20.9,100.2
36,2011-12,DAL*,NBA,66,36,30,0.545,0.95,0.83,1.78,91.4,103.3,102.3,0.489,0.527,13.4,23.4,0.19,0.479,0.519,13.9,25.2,0.203,243.4,36.3,82,28.8,59.8,7.5,22.2,15.6,20.2,10.1,32.7,42.8,20.9,8.6,5.1,14,18.6,95.8,35.6,81.7,28.4,60.9,7.2,20.7,16.5,22.1,11,32.9,43.9,20.5,8.5,4,14.7,18.4,94.8
37,2011-12,DEN*,NBA,66,38,28,0.576,2.88,0.29,3.16,94.2,109.2,106.2,0.516,0.556,14.1,27.7,0.239,0.508,0.542,14.3,25.7,0.185,243,39,81.9,32.4,62,6.6,19.9,19.6,26.7,11.2,31.9,43.1,24,8.2,5,15.4,19.7,104.1,38.5,84.4,29.8,61.8,8.7,22.6,15.6,20.5,11.1,29.2,40.3,23.2,7.9,6.7,15.6,22,101.2
38,2011-12,DET,NBA,66,25,41,0.379,-4.79,-0.4,-5.19,89.2,101,106.3,0.468,0.51,15,28.1,0.21,0.5,0.543,14.2,27.2,0.226,241.9,34.7,79.3,29.9,65.4,4.8,13.9,16.6,22.1,11.7,28.5,40.3,18.7,7,4.2,15.7,19.6,90.9,36,78,30,61.1,6,16.9,17.6,23,10.7,30.1,40.7,22.5,8.5,5.3,14.5,19.4,95.7
39,2011-12,GSW,NBA,66,23,43,0.348,-3.41,0.62,-2.79,92.3,105.4,109.1,0.505,0.539,13.3,22.9,0.175,0.496,0.539,13.6,30.9,0.237,241.1,37.7,82.5,29.8,62,7.9,20.5,14.4,18.7,9.7,29.5,39.2,22.3,8,5.5,13.9,21.4,97.8,37.3,82.3,30.2,62.9,7.1,19.4,19.5,26.1,13.2,32.7,45.8,23.1,7.6,5,14.8,16.6,101.2
40,2011-12,HOU,NBA,66,34,32,0.515,0.23,0.35,0.57,91.7,105.5,105.2,0.492,0.529,13.5,27.5,0.184,0.49,0.531,13.8,26.6,0.21,243.4,37.7,84,30.5,63.8,7.2,20.2,15.4,19.7,11.7,30.5,42.2,21.3,7.5,4.8,14.5,20.4,98.1,37.5,82.2,31.9,65,5.6,17.2,17.3,22.6,11,30.7,41.8,20,7.5,5.2,14.7,18.4,97.9
41,2011-12,IND*,NBA,66,42,24,0.636,3.3,-0.71,2.6,90.7,106.7,103.1,0.474,0.526,13.1,29.2,0.251,0.476,0.518,14.1,27.7,0.222,242.3,35.7,81.4,29.7,65.3,5.9,16.1,20.4,26.1,12.5,31.4,43.9,18.6,7.9,5.4,14,21.7,97.7,34.9,80.4,28.2,61.3,6.7,19.1,17.9,24.5,12,30.3,42.3,19.6,6.6,6,14.9,21.6,94.4
42,2011-12,LAC*,NBA,66,40,26,0.606,2.56,0.26,2.82,89.2,108.5,105.7,0.502,0.533,12.7,29.5,0.195,0.492,0.537,14.2,26.8,0.245,241.9,37,81.3,29.2,59.5,7.8,21.8,15.8,23.3,12.1,29.4,41.6,21,8.4,4.8,13.3,21.2,97.5,34.5,77.2,27.6,58.1,7,19.1,19,25.4,10.8,29,39.8,20.7,6,4.5,14.6,21.2,95
43,2011-12,LAL*,NBA,66,41,25,0.621,1.42,0.54,1.96,90.5,106,104.4,0.491,0.534,14.2,29.1,0.226,0.476,0.507,10.7,25.2,0.158,243.4,36.8,80.6,31.3,63.7,5.5,16.8,18.2,24.1,12.1,34.1,46.2,22.5,5.9,5.3,15.1,16.8,97.3,37.8,86.4,31,67.1,6.7,19.3,13.7,18.4,11.5,29.5,41,21.9,8.4,4.6,11.3,20.2,95.9
44,2011-12,MEM*,NBA,66,41,25,0.621,2.02,0.42,2.43,90.8,104,101.8,0.473,0.515,13.6,29.8,0.211,0.485,0.529,16.3,27.3,0.227,241.5,36.7,82.2,32.5,69.3,4.2,12.9,17.3,22.8,12.6,29.5,42,19.5,9.6,5.2,14.5,19.9,95,34.5,77.8,28.2,59.4,6.3,18.3,17.6,23.1,11,29.6,40.7,19.3,7.8,5.5,17.1,19.3,93
45,2011-12,MIA*,NBA,66,46,20,0.697,5.98,-0.27,5.72,91.2,106.6,100.2,0.505,0.549,14.5,26.6,0.238,0.479,0.517,15.8,26.1,0.2,243,37.1,79,31.5,63.4,5.6,15.6,18.8,24.2,10.4,31.2,41.6,20,8.9,5.4,15.2,19.4,98.5,34.6,79.8,27.4,59.8,7.3,20,16,22.1,11,28.7,39.8,19.7,8.3,4.2,16.8,20.5,92.5
46,2011-12,MIL,NBA,66,31,35,0.47,0.27,-0.5,-0.23,93.7,105.5,105.2,0.481,0.521,12.9,27.7,0.194,0.489,0.532,14.6,29.1,0.217,240.4,37.9,85.6,31.3,66.5,6.6,19.2,16.6,21.4,12.4,30,42.5,23.5,8.3,5.1,14.1,19.3,99,37.1,82.6,30.5,63.7,6.6,18.9,17.9,23.3,12.3,32.4,44.7,21.7,7.6,4.5,15.9,19.4,98.7
47,2011-12,MIN,NBA,66,26,40,0.394,-2.2,0.37,-1.83,93.3,104.3,106.6,0.477,0.524,14,27.5,0.236,0.491,0.527,12.2,27,0.187,241.5,35.7,82.3,28.5,60.8,7.2,21.6,19.4,25.2,12.1,31.7,43.7,19.5,6.6,4.4,15.2,18.4,97.9,39,85.7,32.8,67.6,6.2,18.1,16,21.2,11.7,31.8,43.4,21.5,8.3,5.7,13.3,21.7,100.1
48,2011-12,NJN,NBA,66,22,44,0.333,-5.98,-0.39,-6.37,90.1,102.9,109.6,0.473,0.516,14.3,27.8,0.209,0.513,0.549,13.7,29.3,0.209,240.8,34.3,80.6,26.6,58.2,7.7,22.4,16.9,21.7,11.9,28.5,40.3,19.9,7.5,3.9,15.1,19.2,93.1,37.9,80.2,31.4,62.8,6.5,17.4,16.8,22.6,11.8,30.8,42.6,23.3,8,5,14.3,19.3,99.1
49,2011-12,NOH,NBA,66,21,45,0.318,-3.76,0.65,-3.11,88.3,100.9,105.1,0.476,0.517,15.2,27.5,0.207,0.485,0.528,13.5,26.9,0.218,241.5,34.8,77.3,30.9,65.5,3.9,11.8,16,21.2,11,30.2,41.1,20.7,7.4,4.8,15.5,20.1,89.6,34.9,78.6,28.5,58.3,6.4,20.3,17.1,22.5,11.1,28.9,40,20.9,7.9,5.8,13.9,18.7,93.4
50,2011-12,NYK*,NBA,66,36,30,0.545,3.2,-0.81,2.39,93.2,104.4,101,0.492,0.533,14.9,26.6,0.227,0.485,0.526,15.9,26.3,0.224,241.5,35.8,80.8,28,57.5,7.8,23.3,18.3,24.8,11.3,30.5,41.7,20.1,9.4,4.2,16,21.1,97.8,35.1,79.4,28.4,60.6,6.7,18.8,17.7,24.1,10.9,31,41.8,18.9,8.1,5.1,17,21.8,94.7
51,2011-12,OKC*,NBA,66,47,19,0.712,6.12,0.32,6.44,93,109.8,103.2,0.516,0.567,15.3,27.8,0.269,0.465,0.508,13,27.9,0.207,242.3,37.3,79.2,30.2,59.3,7.2,20,21.3,26.4,11,32.7,43.7,18.5,7.5,8.2,16.3,20.5,103.1,36.4,85.3,30.1,66.6,6.4,18.7,17.7,23,12.7,28.6,41.3,19.9,8.2,4.9,14.2,20,96.9
52,2011-12,ORL*,NBA,66,37,29,0.561,0.79,-0.33,0.46,89,105,104.1,0.506,0.533,14.5,26.5,0.193,0.488,0.526,12.9,24.5,0.19,241.9,34.5,78.2,24.3,51.2,10.2,27,15.1,22.8,11.2,31.2,42.5,20,6.8,4.2,14.9,17.7,94.2,35.9,80.1,29.7,62,6.3,18.1,15.2,19.7,10.1,31.2,41.3,20.5,7.5,4.1,13.1,19.8,93.4
53,2011-12,PHI*,NBA,66,35,31,0.53,4.24,-0.65,3.59,89.7,103.9,99.2,0.48,0.511,10.9,24.4,0.161,0.46,0.5,13.5,24.8,0.192,241.1,37.4,83.6,32.2,69,5.3,14.6,13.5,18.2,10.7,32.5,43.2,22,8,5.2,11.2,17.5,93.6,34.3,80.3,28.9,64.1,5.4,16.2,15.4,20.5,10.7,33,43.7,19.6,5.9,4.8,13.9,16.2,89.4
54,2011-12,PHO,NBA,66,33,33,0.5,-0.24,0.53,0.29,92.6,106.2,106.5,0.499,0.536,13.3,25.8,0.194,0.491,0.53,13.1,28.3,0.2,240,37.8,82.5,31.1,62.9,6.7,19.6,16,21.2,10.9,30.8,41.7,22.5,6.5,5.5,14.1,18.7,98.4,38,83.5,31.9,66.3,6,17.1,16.7,21.9,12.2,31.3,43.4,21.5,8,4.4,14.1,19.6,98.6
55,2011-12,POR,NBA,66,28,38,0.424,-0.62,0.41,-0.22,91.2,105.7,106.4,0.488,0.531,13.4,26.3,0.209,0.504,0.54,14.1,27.2,0.199,241.9,36.4,82.1,29.2,61.1,7.2,20.9,17.2,21.6,11.1,29.5,40.7,20.4,8,4.9,14.2,19,97.2,37.5,81,30.8,62.6,6.7,18.4,16.1,21.5,11.1,31.2,42.3,21.1,7.6,4.8,14.9,19.8,97.8
56,2011-12,SAC,NBA,66,22,44,0.333,-5.68,0.73,-4.95,94.7,103.8,109.8,0.472,0.51,13,29.1,0.197,0.515,0.551,13.9,29.5,0.199,241.1,37.7,86.5,31.5,66.8,6.2,19.7,17.1,23.2,13.4,29.5,42.9,19.3,8.5,4.9,14.4,19.5,98.8,40.4,85,33.8,66.3,6.7,18.7,16.9,22.2,12.3,32.6,45,23.8,7.8,6.4,15.4,19.9,104.4
57,2011-12,SAS*,NBA,66,50,16,0.758,7.17,0.11,7.28,92.9,110.9,103.2,0.528,0.562,12.8,25.1,0.195,0.489,0.522,12.9,24,0.168,241.5,39.6,82.8,31.2,61.5,8.4,21.3,16.2,21.6,10.3,32.6,43,23.2,7.4,4.4,13.6,17.3,103.7,38.1,84.2,31.8,66.6,6.2,17.7,14.1,18.7,10.3,30.9,41.2,19.6,7.4,5,13.7,18.8,96.5
58,2011-12,TOR,NBA,66,23,43,0.348,-3.3,-0.36,-3.67,89.3,100.8,104.5,0.475,0.518,14.8,25.9,0.211,0.475,0.524,12.8,24.6,0.26,241.9,34.4,78.1,28.8,61.8,5.5,16.3,16.4,21.4,10.6,31.4,42,20.9,6.5,4.9,15.2,23.2,90.7,33.8,77.7,27.8,59.2,6.1,18.5,20.2,27.2,10.3,30.3,40.5,20.1,7.2,4.9,13.2,18.4,94
59,2011-12,UTA*,NBA,66,36,30,0.545,0.62,0.3,0.92,91.4,106.8,106.1,0.481,0.525,13,30.2,0.227,0.493,0.538,13.8,26.2,0.245,244.9,38.2,83.8,34.1,71,4.1,12.8,19.1,25.3,13,31.1,44.2,21.8,8.3,5.8,14.2,21.8,99.7,36.4,80.5,29.9,61.4,6.5,19.1,19.7,26.2,11,30.1,41.2,20.5,7.5,5.7,14.7,20.7,99
60,2011-12,WAS,NBA,66,20,46,0.303,-4.8,-0.34,-5.14,92.5,101,106.2,0.472,0.508,14.2,27.3,0.184,0.492,0.536,14.2,29.1,0.229,240.4,36.6,83,31.4,66.7,5.2,16.3,15.3,21,11.7,29.9,41.7,19.1,8,6.3,15.3,21.3,93.6,36.7,81.1,30.2,62.7,6.5,18.4,18.6,24.5,12.3,31.2,43.5,21.5,7.9,4.5,15.2,18.7,98.4
61,2012-13,ATL*,NBA,82,44,38,0.537,0.4,-0.48,-0.08,92.6,104.8,104.4,0.517,0.546,14.2,22.2,0.174,0.496,0.531,14.2,26.4,0.181,242.1,37.6,81,29,57.8,8.6,23.2,14.1,19.7,9.2,31.6,40.9,24.5,8.1,4.5,14.9,18,98,37.5,83.2,29.9,63.3,7.6,19.9,15,19.7,11.3,32.4,43.7,22.3,8.4,4.3,15.2,18.8,97.5
62,2012-13,BOS*,NBA,81,41,40,0.506,-0.22,-0.4,-0.62,91.7,103.1,103.3,0.503,0.542,14.1,20.1,0.204,0.482,0.523,14.2,26.7,0.216,244.9,37,79.7,30.9,62.6,6.1,17.2,16.3,21,8.1,31.3,39.3,22.8,8.2,4.5,14.6,21.2,96.5,36.1,82,29.3,62.1,6.8,19.9,17.7,23.9,11.4,32.1,43.6,21.6,7.8,4.7,15.3,19.4,96.7
63,2012-13,BRK*,NBA,82,49,33,0.598,1.78,-0.53,1.25,88.8,108.2,106.2,0.498,0.536,14,30.9,0.219,0.503,0.534,13.1,26.3,0.174,242.1,35.9,79.8,28.2,58.3,7.7,21.5,17.5,23.9,12.8,30,42.8,20.3,7.3,4.8,14.7,18.3,96.9,37.4,80.7,31.1,63.4,6.3,17.3,14,19.2,10.7,28.5,39.2,21.4,7.5,4.8,13.4,21.4,95.1
64,2012-13,CHA,NBA,82,21,61,0.256,-9.23,-0.06,-9.29,91.5,101.5,111.5,0.46,0.507,13.2,25.7,0.233,0.524,0.558,13.2,28.9,0.197,241.5,34.4,81.1,28.7,64,5.7,17.1,18.9,25.1,11.2,29.1,40.3,19.4,7.2,5.8,14.1,19,93.4,38.8,82.5,30.1,59.9,8.7,22.5,16.2,21.8,11.8,32.3,44.1,25.3,6.9,6.9,14,21.3,102.7
65,2012-13,CHI*,NBA,82,45,37,0.549,0.32,-0.33,-0.02,89.3,103.5,103.2,0.47,0.512,13.6,29.4,0.201,0.477,0.517,13.2,26.4,0.206,241.8,35.7,81.7,30.2,66.3,5.4,15.4,16.4,21.2,12.5,30.7,43.2,23,7.2,5.1,14.3,19.7,93.2,35.4,80.1,29.9,64.1,5.5,16,16.5,22.3,11,30.1,41.1,18.8,7.3,5.8,13.7,19.6,92.9
66,2012-13,CLE,NBA,82,24,58,0.293,-4.68,-0.19,-4.87,92.3,104.3,109.4,0.473,0.514,13,28.1,0.2,0.523,0.561,14.4,27.4,0.225,240.6,36.5,84.2,29.8,64.9,6.7,19.3,16.8,22.3,12.2,28.8,41,20.7,7.9,4.1,14,21.2,96.5,37.9,79.6,30.5,59.6,7.4,20,17.9,24.2,10.8,31.3,42.1,23.9,7.6,6.8,15.2,19.7,101.2
67,2012-13,DAL,NBA,82,41,41,0.5,-0.6,0.36,-0.24,94.1,105.9,106.5,0.506,0.544,13,21.8,0.192,0.492,0.534,13.3,26.9,0.227,243.7,38.8,84,31.4,64.2,7.4,19.9,16.1,20.4,9.4,32.6,41.9,23.2,7.9,5.5,14,20.7,101.1,37.4,84,29.6,62.2,7.8,21.8,19.1,25.4,12,33.6,45.6,22,8.5,4.1,14.7,18.9,101.7
68,2012-13,DEN*,NBA,82,57,25,0.695,5.09,0.28,5.37,95.1,110.4,105.1,0.515,0.549,13.6,31.4,0.216,0.493,0.528,14.3,28.2,0.193,242.7,40.7,85.2,34.4,66.6,6.4,18.5,18.4,26.2,13.3,31.7,45,24.4,9.3,6.5,15.3,20.5,106.1,38.1,85.7,29.7,62.6,8.4,23.1,16.6,22.7,12.4,29.2,41.6,23.6,8,6.8,15.9,21.6,101.1
69,2012-13,DET,NBA,82,29,53,0.354,-3.99,-0.34,-4.33,90.8,103.8,108.1,0.487,0.521,14.3,28.3,0.197,0.505,0.543,13.1,27,0.209,241.5,36.3,81,30.1,63.4,6.3,17.6,15.9,22.8,12.1,30,42.1,21.2,7,4.9,15.1,19.8,94.9,37.3,81.2,29.9,60.7,7.4,20.4,16.9,22.2,11.1,30.7,41.8,22.4,8.4,5.8,13.7,19.9,98.8
70,2012-13,GSW*,NBA,82,47,35,0.573,0.89,0.42,1.32,94.5,106.4,105.5,0.506,0.545,14,25.4,0.201,0.486,0.526,12.4,24.5,0.211,241.5,38.2,83.4,30.1,63.5,8,19.9,16.8,21.3,10.8,34.2,45,22.5,6.9,4.2,15.1,21.4,101.2,37.2,84.8,29.2,61.7,8,23.1,17.9,23.9,11.1,31.7,42.7,23.5,8.2,4.9,13.5,19.2,100.3
71,2012-13,HOU*,NBA,82,45,37,0.549,3.48,0.22,3.69,96.1,109.7,106.1,0.525,0.564,14.9,26.4,0.232,0.502,0.54,13.5,24.8,0.196,241.2,38.1,82.7,27.5,53.8,10.6,28.9,19.2,25.5,11.1,32.3,43.4,23.2,8.3,4.4,16.4,20.3,106,38.8,85.5,30.8,63.5,8.1,21.9,16.8,21.6,10.7,31,41.6,22.7,8.5,6.1,14.8,20.4,102.5
72,2012-13,IND*,NBA,81,49,32,0.605,4.02,-0.69,3.34,90.2,104.3,99.8,0.479,0.521,14.3,30.3,0.219,0.453,0.495,12.9,25.4,0.197,241.9,35.1,80.6,28.3,60.8,6.9,19.7,17.6,23.6,12.9,33,45.9,20.3,7.2,6.3,15.1,20,94.7,34.5,82.2,29.1,65.6,5.4,16.6,16.2,21.3,11.2,29.6,40.9,19.2,7.5,5.7,13.5,21.9,90.7
73,2012-13,LAC*,NBA,82,56,26,0.683,6.45,-0.02,6.43,91.1,110.6,103.6,0.526,0.557,13.9,28.8,0.203,0.492,0.535,15.4,26.5,0.229,240.6,38.5,80.6,30.9,59.2,7.6,21.4,16.4,23,11.4,30.2,41.6,23.9,9.6,5.6,14.6,20.9,101.1,34.6,78,26.9,57.5,7.6,20.5,17.9,23.9,10.9,28.2,39.1,22.1,7.4,4.1,16.1,20.9,94.6
74,2012-13,LAL*,NBA,82,45,37,0.549,1.16,0.32,1.48,94.4,107.8,106.6,0.512,0.548,13.9,27,0.239,0.496,0.526,11.9,25.7,0.163,240.9,37.1,81,28.4,56.4,8.7,24.6,19.3,27.9,11.5,33.3,44.8,22.2,7,5.2,15,17.9,102.2,39.7,87.6,32.2,66.6,7.5,21,14.2,19.4,11.5,31.1,42.7,23.4,8.5,4.8,12.9,23.1,101
75,2012-13,MEM*,NBA,82,56,26,0.683,4.15,0.18,4.32,88.4,104.9,100.3,0.472,0.514,13.3,31,0.202,0.475,0.516,15.2,25.7,0.209,241.5,36.1,81.5,31.5,68,4.7,13.5,16.5,21.3,12.9,29.8,42.7,20.9,8.6,5.3,14,20.2,93.4,33.5,77,27.4,58.8,6.1,18.2,16.1,21.5,10.3,28.8,39.1,19.5,7.3,5.5,15.5,20,89.3
76,2012-13,MIA*,NBA,82,66,16,0.805,7.87,-0.84,7.03,90.7,112.3,103.7,0.552,0.588,13.7,22.2,0.224,0.487,0.527,14.8,27,0.2,242.4,38.4,77.4,29.6,55.4,8.7,22.1,17.4,23,8.2,30.4,38.6,23,8.7,5.4,13.9,18.7,102.9,35.6,80.9,28,59.1,7.6,21.7,16.2,21.2,11.2,28.9,40.1,20.2,7.9,3.2,15.6,20.4,95
77,2012-13,MIL*,NBA,82,38,44,0.463,-1.5,-0.33,-1.83,94.7,103.6,105.2,0.476,0.51,12.7,27.9,0.174,0.492,0.531,14.4,28.7,0.201,241.8,38.1,87.8,30.8,67.4,7.3,20.4,15.3,20.7,13,30.9,44,22.9,8.4,6.7,14.1,19,98.9,38.4,84.7,32,66.2,6.5,18.5,17,22.5,12.4,33.6,46,23.1,8,4.4,16,19.1,100.4
78,2012-13,MIN,NBA,82,31,51,0.378,-2.37,0.54,-1.83,92.8,102.9,105.4,0.473,0.516,13.8,27.4,0.226,0.511,0.545,15,26,0.187,240.6,35.9,81.7,30.4,63.7,5.5,18,18.5,24.9,11.9,30.2,42,22.4,8.5,4.7,14.8,18.4,95.7,38,81.2,30.9,62.2,7,19,15.2,20.1,10.6,31.5,42.1,22.3,8.1,5.9,15.9,22.5,98.1
79,2012-13,NOH,NBA,82,27,55,0.329,-3.87,0.75,-3.12,88.5,105.7,110.1,0.489,0.528,14,29.2,0.193,0.52,0.557,13.1,25.6,0.208,241.2,36,80.4,29.5,62.4,6.5,18,15.5,20,12,29.6,41.6,21,6.3,5.4,14.5,20.4,94.1,37,78.5,29.2,57.9,7.7,20.6,16.3,21.5,10.2,29.2,39.3,23.4,7.9,6,13.2,18.7,97.9
80,2012-13,NYK*,NBA,82,54,28,0.659,4.23,-0.5,3.73,89.8,111.1,106.3,0.515,0.55,11.7,25.6,0.196,0.508,0.548,14.8,25.3,0.216,240.6,36.5,81.6,25.7,52.7,10.9,28.9,16,21.1,10.9,29.7,40.6,19.3,8.2,3.6,12,20.1,100,35.6,77.6,27.8,55.8,7.8,21.8,16.8,22.2,10,31.6,41.6,19.3,6.4,4,15.1,19.2,95.7
81,2012-13,OKC*,NBA,82,60,22,0.732,9.21,-0.06,9.15,93.3,112.4,102.6,0.527,0.58,14.4,26.7,0.28,0.469,0.51,13.5,26.6,0.197,241.8,38.1,79.3,30.8,60,7.3,19.4,22.2,26.8,10.4,33.2,43.6,21.4,8.3,7.6,15.3,20.2,105.7,36.2,85,28.7,63.5,7.4,21.5,16.7,21.6,12,28.7,40.7,20.5,8.2,3.9,14.8,20.7,96.5
82,2012-13,ORL,NBA,82,20,62,0.244,-6.99,-0.14,-7.12,92.2,101.6,109.1,0.485,0.514,13.7,25.4,0.149,0.508,0.543,11.8,25.4,0.195,241.2,37.7,84.2,31.5,65.5,6.2,18.7,12.5,16.6,10.9,31.9,42.7,22.8,6.4,4.4,14.5,19.4,94.1,38.6,83.4,31.1,62.5,7.5,21,16.3,22.1,10.8,31.9,42.8,23.7,7.2,5.2,12.4,16.5,101.1
83,2012-13,PHI,NBA,82,34,48,0.415,-3.34,-0.17,-3.51,91,102,105.7,0.481,0.509,12.5,24.9,0.146,0.495,0.534,13.7,26.6,0.2,240.9,37.3,84.1,31,66.5,6.3,17.5,12.2,16.8,10.9,30.4,41.3,22.8,7.4,4.7,13,18.4,93.2,36.8,81,30.1,61.8,6.7,19.2,16.2,21.4,11,33,44,22.8,7.2,4.8,14.3,16.2,96.5
84,2012-13,PHO,NBA,82,25,57,0.305,-6.46,0.71,-5.75,93.4,101.2,108.1,0.477,0.512,14.3,27,0.174,0.512,0.549,14.2,28.1,0.208,241.5,37.3,84.4,31.5,66.6,5.9,17.7,14.7,19.7,11.7,29.9,41.6,22.6,8,5.3,15.6,20.6,95.2,38.8,82.6,31.9,64.7,6.9,17.9,17.1,22.6,11.7,31.7,43.4,22.8,8.3,5.1,15.3,18.4,101.6
85,2012-13,POR,NBA,82,33,49,0.402,-3.17,0.65,-2.53,91.4,105.8,109.2,0.498,0.536,13.9,25.3,0.194,0.512,0.547,12.5,26.7,0.189,242.1,36.7,81.9,28.5,58.7,8.2,23.2,15.9,20.5,10.7,30.2,40.8,21.8,6.6,4.3,14.7,18.5,97.5,39.3,83,33,64.3,6.4,18.7,15.7,20.6,11,31.4,42.4,23.7,8.4,4.4,13.1,18.7,100.7
86,2012-13,SAC,NBA,82,28,54,0.341,-4.88,0.62,-4.26,93.6,106.2,111.4,0.491,0.532,13.4,26.6,0.208,0.517,0.56,13.6,29,0.227,241.8,37.6,84.2,30.2,63.7,7.4,20.5,17.5,22.8,11.5,29.1,40.6,20.8,8.2,4.2,14.6,20.9,100.2,39.3,83.3,31.7,61.8,7.6,21.5,18.9,24.1,11.9,31.7,43.6,25.1,7.6,6.3,14.7,20,105.1
87,2012-13,SAS*,NBA,82,58,24,0.707,6.4,0.27,6.67,94.2,108.3,101.6,0.531,0.568,14,20.5,0.204,0.48,0.516,13.7,25.1,0.179,242.4,39.1,81.4,31.1,59.9,8.1,21.5,16.6,21,8.1,33.2,41.3,25.1,8.5,5.4,14.7,17.4,103,37.5,84.9,31.2,66.9,6.3,17.9,15.2,20,11.1,31.4,42.5,21.4,8.2,4.9,14.9,19.1,96.6
88,2012-13,TOR,NBA,82,34,48,0.415,-1.48,-0.48,-1.96,90.4,105.9,107.5,0.488,0.532,13,25.5,0.216,0.5,0.544,13.6,26.6,0.247,243.7,36.3,81.5,29.4,61.2,7,20.3,17.6,22.3,10.6,29.6,40.2,21.5,7.3,4.8,13.7,22.4,97.2,36.2,79.2,29.6,60.8,6.7,18.4,19.6,26.2,10.7,31,41.7,21.9,7,4.7,14.3,20.1,98.7
89,2012-13,UTA,NBA,82,43,39,0.524,-0.09,0.38,0.3,90.9,106.7,106.8,0.492,0.533,13.8,28.8,0.214,0.501,0.543,14,26.8,0.226,242.4,37.1,81.8,31,64.9,6.2,16.9,17.5,23,12.1,30,42,22.7,8.4,6.3,14.8,21.3,98,36.6,79.9,29.8,61.4,6.8,18.5,18,23.8,11,29.8,40.8,20.6,7.8,5.9,14.7,20.4,98.1
90,2012-13,WAS,NBA,82,29,53,0.354,-2.54,-0.25,-2.78,92.2,100.2,103,0.475,0.512,14.2,24.6,0.191,0.483,0.522,13.7,25.4,0.206,242.1,35.5,81.6,28.8,63.4,6.6,18.2,15.6,21.3,10.8,32.3,43.2,21.6,7.3,4.6,15.1,20.5,93.2,35.9,81.7,28.8,61.2,7.1,20.5,16.8,22.8,11,33.2,44.2,21.5,7.8,4.4,14.5,19.1,95.8
91,2013-14,ATL*,NBA,82,38,44,0.463,-0.48,-0.4,-0.88,94.6,105.9,106.4,0.515,0.554,14.3,21,0.208,0.51,0.545,14,25.6,0.196,241.8,37.3,81.6,28,55.8,9.4,25.8,17,21.7,8.7,31.3,40,24.9,8.3,4,15.3,19.2,101,38.6,83.5,30.6,61.6,8,21.9,16.4,21.9,10.8,32.8,43.5,23.2,8.2,4.3,15.2,20,101.5
92,2013-14,BOS,NBA,82,25,57,0.305,-4.46,-0.51,-4.97,93.3,102.9,107.7,0.477,0.517,14.2,27.4,0.193,0.505,0.547,13.4,25.8,0.227,240.6,36.5,83.9,29.5,62.9,7,21.1,16.2,20.8,12,30.5,42.5,21,7.1,4.2,15.4,21.3,96.2,37.8,81.4,31.2,62.5,6.6,18.9,18.5,24.3,10.6,31.7,42.3,22.1,7.4,4.5,14.2,19.1,100.7
93,2013-14,BRK*,NBA,82,44,38,0.537,-1,-0.58,-1.58,91.4,106.7,107.7,0.514,0.555,14.1,21.7,0.236,0.509,0.551,14.9,27.7,0.236,242.4,35.7,77.9,27.1,54.5,8.6,23.4,18.4,24.4,8.8,29.4,38.1,20.9,8.6,3.8,14.5,21.7,98.5,36.3,79.4,28.3,57.4,8.1,22,18.8,24.7,11.2,31.6,42.9,21,7.4,4.1,15.8,20.8,99.5
94,2013-14,CHA*,NBA,82,43,39,0.524,-0.22,-0.67,-0.89,92.4,103.6,103.8,0.481,0.522,11.7,21.9,0.219,0.491,0.526,12.6,22.4,0.183,242.7,36.3,82.1,30,64.1,6.3,17.9,18,24.4,9.5,33.2,42.7,21.7,6.1,5.1,12.3,18.2,96.9,36.9,83.4,28.7,61.4,8.1,22,15.3,20.1,9.6,33.7,43.3,21,6.3,5.1,13.3,20.9,97.1
95,2013-14,CHI*,NBA,82,48,34,0.585,1.85,-0.66,1.2,90.2,102.5,100.5,0.471,0.518,14.2,27.2,0.226,0.471,0.509,13.7,24.6,0.189,243,34.7,80.2,28.5,62.4,6.2,17.8,18.1,23.3,11.4,32.7,44.1,22.7,7.2,5.2,14.9,19.1,93.7,35,81.2,28.4,62.5,6.6,18.7,15.3,20.3,10.7,30.6,41.3,19.6,7.6,6,14.4,20.9,91.8
96,2013-14,CLE,NBA,82,33,49,0.402,-3.29,-0.57,-3.86,93.1,104.2,107.7,0.479,0.518,13,27.2,0.201,0.508,0.545,13,24.2,0.199,243,37,84.8,29.9,64.8,7.1,20,17,22.7,12.1,32.1,44.1,21.2,7.1,3.7,14.2,20,98.2,37.8,83.5,28.4,58.1,9.3,25.4,16.6,22,10.3,32.3,42.5,24.8,7.2,5.6,14,19.5,101.5
97,2013-14,DAL*,NBA,82,49,33,0.598,2.4,0.5,2.91,93.5,111.2,108.7,0.526,0.564,12.7,24.6,0.201,0.515,0.555,14.8,27.3,0.229,241.8,39.6,83.6,30.8,60.7,8.8,22.9,16.8,21.1,10.2,30.7,40.9,23.6,8.6,4.3,13.5,20,104.8,37.8,81.4,29.5,58.4,8.3,23,18.7,24.6,11.5,31.3,42.8,22,7.7,3.5,16,19.9,102.4
98,2013-14,DEN,NBA,82,36,46,0.439,-2.15,0.75,-1.4,98.1,106,108.2,0.497,0.536,14,27.5,0.222,0.5,0.543,12.8,25.5,0.233,240.9,38.4,85.9,29.8,62,8.6,23.9,19.1,26.3,12.3,33.1,45.4,22.4,7.5,5.6,15.9,23,104.4,39.5,86.4,32.1,65.4,7.4,21,20.2,26.4,11.3,32.5,43.8,22.5,8.5,5.6,14.4,21.7,106.5
99,2013-14,DET,NBA,82,29,53,0.354,-3.66,-0.48,-4.13,94.9,105.9,109.7,0.482,0.514,12.9,31.4,0.199,0.52,0.559,13.8,26.6,0.218,241.2,38.8,86.9,32.6,67.6,6.2,19.3,17.3,25.7,14.6,30.8,45.4,20.9,8.4,4.8,14.5,20.3,101,39.1,83.2,30.8,60.3,8.3,22.8,18.1,24,11.1,31.9,43,24.4,8.2,4.9,15,20.7,104.7
100,2013-14,GSW*,NBA,82,51,31,0.622,4.8,0.34,5.15,96.2,107.5,102.6,0.517,0.55,13.8,25.1,0.186,0.477,0.522,13.6,23.7,0.224,241.8,39.5,85.4,30,60.6,9.4,24.8,15.9,21.1,10.9,34.4,45.3,23.3,7.8,5,15.2,21.8,104.3,36.8,84.4,29.9,64.2,6.9,20.2,18.9,24.7,10.7,32.6,43.3,20.5,7.9,4.2,15,19.3,99.5
101,2013-14,HOU*,NBA,82,54,28,0.659,4.56,0.5,5.06,96.3,111,106.3,0.531,0.571,14.6,27.4,0.275,0.489,0.527,12.5,25.9,0.193,241.8,38,80.5,28.5,54,9.5,26.6,22.1,31.1,11.2,34.1,45.3,21.4,7.6,5.6,16.1,20.4,107.7,39,88,30.9,65,8.1,23,17,22.5,11.9,29.7,41.7,22.2,8.6,5.6,14,24.3,103.1
102,2013-14,IND*,NBA,82,56,26,0.683,4.4,-0.77,3.63,92.5,104.1,99.3,0.49,0.535,14.3,24.9,0.226,0.46,0.501,12.9,23.2,0.197,241.2,36,80.2,29.3,61.4,6.7,18.8,18.1,23.3,10.2,34.5,44.7,20.1,6.7,5.4,15.1,20.4,96.7,34.8,82.7,28.2,63.7,6.6,19,16.3,21.6,10.4,30.7,41.2,18.6,7.2,4.6,13.7,21.9,92.3
103,2013-14,LAC*,NBA,82,57,25,0.695,6.98,0.3,7.27,95.9,112.1,104.8,0.526,0.567,12.7,25,0.258,0.484,0.527,13.8,27.5,0.222,240.9,39.1,82.5,30.7,58.5,8.5,24,21.2,29.1,10.5,32.5,43,24.6,8.6,4.8,13.9,21.5,107.9,37.4,84.9,30.2,63,7.3,21.8,18.9,25,12.3,31.4,43.7,23.3,7,3.5,15.4,23.4,101
104,2013-14,LAL,NBA,82,27,55,0.329,-6.29,0.96,-5.33,98.7,104.2,110.6,0.505,0.542,13.7,20.2,0.199,0.513,0.546,12.4,29,0.192,240.3,38.3,85.1,28.8,60.3,9.4,24.8,17,22.4,9.1,32,41,24.5,7.5,5.4,15.1,19.8,103,42,89.6,33.8,67.2,8.1,22.5,17.2,23.7,13,36,49,25.8,9.6,4.7,14.2,19.3,109.2
105,2013-14,MEM*,NBA,82,50,32,0.61,1.57,0.61,2.18,89.9,106.3,104.6,0.494,0.529,13.1,28.3,0.184,0.497,0.535,13.8,24.3,0.199,241.5,38.1,82,33.1,68,4.9,14,15.1,20.3,11.6,30.8,42.4,21.9,7.7,4.6,13.7,19.1,96.1,35.7,79.3,28.2,58.2,7.5,21.1,15.8,20.6,9.9,29.3,39.2,19.9,7.2,5,14.2,18.9,94.6
106,2013-14,MIA*,NBA,82,54,28,0.659,4.76,-0.61,4.15,91.2,110.9,105.8,0.554,0.59,14.6,20.6,0.228,0.511,0.549,15.8,27,0.212,242.4,38.3,76.5,30.2,54.2,8.1,22.3,17.5,23,7.6,29.2,36.9,22.5,8.9,4.5,14.8,19.5,102.2,36.1,79,27.6,55.6,8.5,23.4,16.8,22.3,10.8,29.5,40.3,21.4,8.1,3.1,16.7,20.4,97.4
107,2013-14,MIL,NBA,82,15,67,0.183,-8.18,-0.23,-8.41,91.8,103,111.8,0.479,0.519,14.1,27.1,0.204,0.52,0.559,13.2,28.6,0.225,242.4,36,82.2,29.3,63.2,6.7,18.9,16.8,22.5,11.8,29.3,41.1,21.5,6.6,4.9,15.1,20.9,95.5,38.4,82,29.9,59.7,8.5,22.3,18.4,24.5,11.7,31.8,43.5,22.8,7.8,5,14.1,20.6,103.7
108,2013-14,MIN,NBA,82,40,42,0.488,2.67,0.43,3.1,97.3,108.9,106.2,0.486,0.535,12.2,27.4,0.249,0.518,0.55,14.8,25.6,0.177,242.1,38.9,87.5,31.6,66.1,7.3,21.4,21.8,28.1,12.5,32.2,44.7,23.9,8.8,3.6,13.9,18.3,106.9,40.5,86,32.4,63.8,8.1,22.2,15.2,20.1,11.1,33.1,44.2,22.9,7.9,5.6,16.4,23.6,104.3
109,2013-14,NOP,NBA,82,34,48,0.415,-2.71,0.73,-1.98,92.2,107.2,110.1,0.495,0.537,12.9,26.9,0.22,0.515,0.558,13.6,26.2,0.249,242.1,37.8,82.5,31.9,66.6,5.9,15.9,18.2,23.6,11.4,30.3,41.7,21.3,7.9,6.4,13.8,22.6,99.7,37.3,80.1,29.3,57.8,8,22.3,20,26.5,10.7,31,41.7,22.5,7,6.1,14.5,20.3,102.4
110,2013-14,NYK,NBA,82,37,45,0.451,-0.79,-0.61,-1.4,90.3,108.3,109.1,0.505,0.541,12.5,25.1,0.189,0.514,0.558,14,25.7,0.245,242.1,36.9,82.2,27.7,57.3,9.3,24.9,15.5,20.4,10.6,29.7,40.3,20,7.7,4.5,13,22.1,98.6,35.8,78.1,27.1,54.6,8.7,23.4,19.1,25,10.3,31.7,42,19.7,6.3,3.4,14.5,19.6,99.4
111,2013-14,OKC*,NBA,82,59,23,0.72,6.34,0.32,6.66,95.4,110.5,103.9,0.52,0.566,14,26.5,0.244,0.488,0.528,13.9,24.4,0.221,241.5,39,82.7,30.9,60.3,8.1,22.4,20.2,25,10.8,33.9,44.7,21.9,8.3,6.1,15.3,22.7,106.2,36.4,83.4,27.8,59.4,8.6,24,18.4,25.4,11,30,40.9,21.8,8.2,3.6,15.2,20.4,99.8
112,2013-14,ORL,NBA,82,23,59,0.28,-5.44,-0.44,-5.88,93.6,101.7,107.4,0.487,0.525,13.9,22.4,0.193,0.504,0.544,13,24.5,0.211,243.4,36.9,82.7,30,63.3,6.9,19.5,15.9,20.9,9.7,32.4,42,21,7.7,4.3,14.9,20.5,96.5,38.1,83.7,30.1,62,8,21.7,17.7,22.9,10.5,33.5,44,22.5,7.1,5.4,14,18.3,102
113,2013-14,PHI,NBA,82,19,63,0.232,-10.45,-0.21,-10.66,99.2,99.4,109.9,0.475,0.51,14.8,24.8,0.19,0.524,0.565,14.9,27.6,0.244,242.1,37.9,87.2,30.9,64.7,7,22.5,16.6,23.4,11.6,31.2,42.7,21.8,9.3,4,16.9,22.5,99.5,40,85.1,31,60.7,9,24.4,20.8,27.6,11.9,35,46.9,26.1,9,6.8,17,20.6,109.9
114,2013-14,PHO,NBA,82,48,34,0.585,2.63,0.39,3.02,95.8,109.5,106.7,0.519,0.558,14,26.4,0.222,0.496,0.541,13.9,26.3,0.237,240.9,38.7,83.5,29.4,58.4,9.3,25.1,18.5,24.4,11.3,31.7,43,19.1,8.4,4.6,15.3,21.9,105.2,38,83.4,31.2,63.5,6.8,19.9,19.8,25.8,11.3,31.5,42.8,20.3,7.5,4,15.3,21.3,102.6
115,2013-14,POR*,NBA,82,54,28,0.659,3.99,0.45,4.44,94.9,111.5,107.4,0.504,0.548,12.4,28,0.22,0.488,0.526,11,25.3,0.194,242.1,39.1,87,29.7,61.7,9.4,25.3,19.1,23.5,12.5,34,46.4,23.2,5.5,4.7,13.7,19.2,106.7,39.6,87.8,33.1,69.5,6.5,18.3,17,22.2,11.5,32,43.5,20.4,7.8,3.7,12,20.7,102.8
116,2013-14,SAC,NBA,82,28,54,0.341,-2.9,0.82,-2.08,94.4,105.7,108.8,0.484,0.532,13.9,27.8,0.251,0.512,0.552,12.7,23.4,0.234,241.8,36.9,82.5,30.9,64.5,6,18,20.7,27.3,12.1,32.4,44.5,18.9,7.2,3.9,15.2,22.5,100.5,37.8,82.1,29.4,59.8,8.5,22.4,19.2,26.1,9.9,31.3,41.2,23.5,7.8,5.6,13.6,23.1,103.4
117,2013-14,SAS*,NBA,82,62,20,0.756,7.72,0.28,8,95,110.5,102.4,0.537,0.571,13.5,22.7,0.188,0.482,0.519,12.8,23.6,0.184,240.9,40.6,83.5,32,62,8.5,21.4,15.7,20,9.3,34,43.3,25.2,7.4,5.1,14.4,18.2,105.4,37.8,85.1,31.3,66.8,6.5,18.3,15.7,20.6,10.5,31.7,42.2,20.4,7.7,4.6,13.9,19.3,97.6
118,2013-14,TOR*,NBA,82,48,34,0.585,3.24,-0.69,2.55,91.8,108.8,105.3,0.498,0.545,13.2,27.2,0.239,0.493,0.537,14.1,25.1,0.237,243.4,36.5,81.9,27.8,58.5,8.7,23.4,19.6,25.1,11.4,31.1,42.5,21.2,7,4.2,14.1,23,101.3,36.1,80.2,29.1,60.9,6.9,19.2,19,25.3,10.4,30.5,41,21,7.3,4.3,14.9,22.1,98
119,2013-14,UTA,NBA,82,25,57,0.305,-7.17,0.91,-6.27,91.4,103.5,111.3,0.484,0.523,13.9,25.5,0.202,0.518,0.559,12.1,25.5,0.227,241.2,36,81.1,29.4,61.9,6.6,19.2,16.4,22,11,30.2,41.2,20.3,7,4.5,14.6,20.7,95,38.3,81,31,61.6,7.3,19.4,18.3,23.7,10.3,32.2,42.5,21.8,7.5,4.9,12.6,20.4,102.2
120,2013-14,WAS*,NBA,82,44,38,0.537,1.27,-0.79,0.48,93.2,106,104.6,0.506,0.538,13.6,25.2,0.181,0.504,0.545,15,24.3,0.22,244.6,38.7,84.4,30.9,63.6,7.9,20.8,15.3,20.9,10.8,31.4,42.2,23.3,8.1,4.6,14.7,20.4,100.7,37,80.9,29.6,59.4,7.5,21.5,17.8,23.3,10.1,32.1,42.2,22.2,7.7,3.9,16,19.5,99.4
121,2014-15,ATL*,NBA,82,60,22,0.732,5.43,-0.68,4.75,93.9,108.9,103.1,0.527,0.563,13.5,21.4,0.201,0.492,0.528,14.9,26.6,0.185,240.6,38.1,81.7,28.1,55.5,10,26.2,16.5,21.2,8.7,31.8,40.6,25.7,9.1,4.6,14.2,17.8,102.5,36.5,83.1,27.7,57.4,8.8,25.8,15.4,20.1,11.6,32.1,43.6,23.5,7.4,4.9,16.1,19.6,97.1
122,2014-15,BOS*,NBA,82,40,42,0.488,0.16,-0.56,-0.4,95.8,104.7,104.5,0.489,0.523,12.5,24.7,0.176,0.494,0.533,13.7,25,0.208,242.4,38.9,87.9,30.9,63.3,8,24.6,15.4,20.5,11.1,32.7,43.8,24.5,8.2,3.6,13.8,21.2,101.4,38.1,84.7,30.7,62.7,7.4,22,17.6,23.3,10.9,33.8,44.7,21.9,7.1,5.3,15.1,18.8,101.2
123,2014-15,BRK*,NBA,82,38,44,0.463,-2.88,-0.25,-3.13,92.7,104.4,107.4,0.491,0.529,13,23.9,0.2,0.506,0.539,12.9,26.3,0.185,243,37.4,83,30.8,63.1,6.6,19.9,16.6,22.2,10.3,32,42.4,20.9,7,4.1,13.8,19.3,98,38.4,84.3,29.9,60.6,8.5,23.7,15.6,21.3,11.4,32.9,44.3,23.7,7.8,4.5,13.9,20,100.9
124,2014-15,CHI*,NBA,82,50,32,0.61,3,-0.46,2.54,92.8,107.5,104.3,0.489,0.536,12.9,27,0.238,0.473,0.51,11.3,25.6,0.182,242.4,36.6,82.9,28.7,60.6,7.9,22.3,19.7,25.2,11.7,34,45.7,21.7,6.3,5.8,14,18.2,100.8,37.7,86.7,31.2,67.1,6.6,19.6,15.7,21,11.7,31.7,43.4,20.2,7.5,5.4,12.2,21.2,97.8
125,2014-15,CHO,NBA,82,33,49,0.402,-3.17,-0.27,-3.44,93,100.1,103.5,0.456,0.498,11.2,22.1,0.202,0.487,0.525,12,20.7,0.188,242.7,35.5,84.5,29.5,65.4,6.1,19.1,17,22.8,10,34.1,44.1,20.2,6.1,5.5,11.9,18.2,94.2,36.8,83.7,28.9,61.5,7.9,22.1,15.8,20.4,8.9,35.2,44.1,22.1,6.1,5.4,12.6,20.8,97.3
126,2014-15,CLE*,NBA,82,53,29,0.646,4.48,-0.4,4.08,92.3,111.1,106.3,0.52,0.557,13.4,26.8,0.216,0.502,0.535,12.6,25.3,0.177,241.2,37.7,82.2,27.6,54.7,10.1,27.5,17.7,23.6,11.1,31.9,43,22.1,7.4,4.1,14.3,18.4,103.1,38.1,83.5,30.3,61,7.7,22.5,14.8,19.9,10.8,30.3,41.1,24.1,7.8,4.5,13.3,20.5,98.7
127,2014-15,DAL*,NBA,82,50,32,0.61,2.9,0.46,3.36,95.2,109.5,106.4,0.515,0.55,11.9,23.6,0.197,0.503,0.541,14.7,27.8,0.204,242.4,39.7,85.8,30.8,60.4,8.9,25.4,16.9,22.5,10.5,31.8,42.3,22.5,8.1,4.5,13,20,105.2,38,84.5,29,59.7,9,24.8,17.3,22.9,12.3,33.9,46.1,22.3,7.3,3.8,16.3,22.1,102.3
128,2014-15,DEN,NBA,82,30,52,0.366,-3.55,0.48,-3.07,96.1,104.5,108.2,0.479,0.518,12.7,26.6,0.204,0.504,0.546,13,25.3,0.239,242.4,37.8,87.3,29.7,62.5,8,24.8,17.8,24.3,12.3,32.4,44.7,21.8,7.8,4.5,14.2,23,101.5,38.6,84.3,30.9,62,7.7,22.2,20.1,26.9,11,34.1,45.1,23.1,7.5,6.1,14.4,20.7,105
129,2014-15,DET,NBA,82,32,50,0.39,-1,-0.39,-1.39,92.8,105.3,106.4,0.482,0.515,12.3,27.7,0.184,0.502,0.539,13.2,25,0.192,241.8,37.1,85.8,28.5,60.9,8.6,24.9,15.8,22.4,12.8,32.1,44.9,21.6,7.6,4.7,13.4,19,98.5,37.9,83.1,30.1,61.3,7.7,21.8,16,20.7,10.7,33.4,44.1,23.8,7,4.8,14,19.3,99.5
130,2014-15,GSW*,NBA,82,67,15,0.817,10.1,-0.09,10.01,98.3,111.6,101.4,0.54,0.571,13.1,24.1,0.184,0.47,0.514,14.3,25.5,0.217,240.6,41.6,87,30.8,60,10.8,27,16,20.8,10.4,34.3,44.7,27.4,9.3,6,14.5,19.9,110,37,86.4,29.7,65,7.2,21.4,18.7,24.5,11.7,32.8,44.5,21,8.3,3.6,16.2,18.8,99.9
131,2014-15,HOU*,NBA,82,56,26,0.683,3.44,0.38,3.82,96.5,107,103.4,0.512,0.548,15,26.8,0.223,0.486,0.526,14.6,27.1,0.208,241.5,37,83.3,25.6,50.6,11.4,32.7,18.6,26,11.7,32,43.7,22.2,9.5,5,16.7,22,103.9,37.7,85.2,30.3,62.2,7.4,22.9,17.7,23.6,11.9,32,43.8,21.4,8.9,5.3,16.4,21.1,100.5
132,2014-15,IND,NBA,82,38,44,0.463,0.28,-0.51,-0.23,93.2,103.5,103.2,0.484,0.523,13.1,24,0.201,0.478,0.521,12,22.1,0.217,242.1,36.6,83.2,29.1,62,7.5,21.2,16.7,22.2,10.4,34.4,44.9,21.4,6.2,4.6,14,21.2,97.3,36,82.7,28.8,61.8,7.2,20.9,17.9,23.8,9.8,33,42.7,19.9,7.5,4.7,12.7,21.4,97
133,2014-15,LAC*,NBA,82,56,26,0.683,6.59,0.22,6.8,94.7,112.4,105.5,0.533,0.565,11.6,22.8,0.215,0.493,0.535,13.2,24.3,0.231,240.6,39.4,83.3,29.3,56.4,10.1,26.9,17.9,25.2,9.6,33.1,42.6,24.8,7.8,5,12.3,21.3,106.7,36.4,82.3,28.1,58.4,8.3,23.9,19,25.7,10.6,32.3,42.9,23.2,6.7,3,14.3,21.5,100.1
134,2014-15,LAL,NBA,82,21,61,0.256,-6.84,0.67,-6.17,94,103.4,110.6,0.473,0.513,12.1,25.4,0.204,0.518,0.557,12.1,23.7,0.231,243,37.2,85.6,30.8,66.8,6.5,18.9,17.5,23.6,11.6,32.3,43.9,20.9,7,4.5,13.2,21.2,98.5,38.8,83.1,30.3,59.7,8.5,23.4,19.2,25.8,10,34.1,44.2,24,7.5,4.8,13,19.4,105.3
135,2014-15,MEM*,NBA,82,55,27,0.671,3.24,0.38,3.62,92,105.7,102.2,0.489,0.531,12.6,24.7,0.214,0.492,0.526,14.5,24.7,0.183,242.7,37.8,82.5,32.6,67.3,5.2,15.2,17.6,22.8,10.4,32.1,42.6,21.7,8.5,4.2,13.3,19.1,98.3,36,81.5,27.9,58.5,8.1,23,14.9,20.1,10.5,31.9,42.4,20.1,7.4,5.2,15.3,20.3,95.1
136,2014-15,MIA,NBA,82,37,45,0.451,-2.6,-0.32,-2.92,90.9,103.9,106.7,0.5,0.54,14.5,23.2,0.227,0.505,0.542,14.2,26.6,0.213,240.6,35.2,77.2,28.4,57,6.8,20.2,17.5,23.7,9.1,30,39.1,19.8,7.8,4.5,14.8,20,94.7,36.1,79.5,28,56.5,8.1,23,17,23.2,10.9,30.1,41,21.3,7.9,4.4,14.8,20.9,97.3
137,2014-15,MIL*,NBA,82,41,41,0.5,0.43,-0.52,-0.09,94.1,102.7,102.2,0.499,0.536,15.5,25.4,0.195,0.487,0.528,15.9,26.7,0.221,243,37.6,82,31,63.7,6.6,18.3,16,21.1,10.7,31.4,42.1,23.6,9.6,4.9,16.7,22.1,97.8,35.6,81.5,27.3,57.4,8.2,24.1,18,24.3,11.4,31.4,42.9,22.3,8.6,4.8,17.4,20.1,97.4
138,2014-15,MIN,NBA,82,16,66,0.195,-8.79,0.79,-8,94.4,102.9,112.2,0.468,0.517,13.7,26.6,0.24,0.537,0.569,13.9,28.4,0.187,241.5,36.4,83.2,31.5,68.3,5,14.9,20,25.7,11.6,29.3,40.9,21.6,8.1,4,15,19.2,97.8,41.1,84.5,32.6,61.4,8.5,23.1,15.8,20.8,11.6,31.9,43.6,23.6,8.4,5.5,15.2,21.4,106.5
139,2014-15,NOP*,NBA,82,45,37,0.549,0.79,0.34,1.13,91.4,108.2,107.3,0.501,0.537,12.5,27.1,0.198,0.496,0.533,11.7,24.9,0.195,241.2,37.9,82.9,30.8,63.6,7.1,19.3,16.4,21.8,11.5,32,43.5,22,6.7,6.2,13.3,18.7,99.4,37.9,83.1,31.4,63.5,6.5,19.6,16.2,21.4,10.6,30.9,41.5,20.7,6.8,5.8,12.2,18.7,98.6
140,2014-15,NYK,NBA,82,17,65,0.207,-9.32,-0.18,-9.5,91.2,99.9,110,0.47,0.508,14,24.5,0.18,0.512,0.554,13.3,26.9,0.234,242.1,35.1,82,28.3,62.3,6.8,19.7,14.8,19.2,10.6,29.8,40.4,21.3,7,4.7,14.7,21.6,91.9,37,80.4,28.5,58.1,8.5,22.3,18.8,24.8,11,32.5,43.5,21.7,8,4.3,14.1,19.1,101.2
141,2014-15,OKC,NBA,82,45,37,0.549,2.18,0.28,2.47,95.7,107.8,105.5,0.492,0.532,13.1,28.9,0.214,0.489,0.529,12.4,24.4,0.213,241.8,38.8,86.8,31.1,64.1,7.7,22.7,18.6,24.6,12.8,34.7,47.5,20.5,7.3,5.5,14.7,22.3,104,37.6,85.5,29.3,61.3,8.3,24.2,18.2,24.5,11.2,31.5,42.7,22.1,7.8,4.6,13.6,20.4,101.8
142,2014-15,ORL,NBA,82,25,57,0.305,-5.72,-0.15,-5.87,93.8,101.6,107.7,0.494,0.524,14,23.1,0.168,0.514,0.551,13.6,24,0.21,240.9,37.5,82.8,30.8,63.3,6.8,19.5,13.9,19.1,10,31.8,41.8,20.6,7.9,3.8,14.9,20.9,95.7,38,82,29.6,59.4,8.3,22.6,17.2,22.9,10.1,33.4,43.5,23.4,7.7,5.4,14.5,17.9,101.4
143,2014-15,PHI,NBA,82,18,64,0.22,-8.98,-0.07,-9.04,95.7,95.5,104.8,0.459,0.494,16,25.5,0.195,0.497,0.539,15.2,27,0.225,241.5,33.7,82.6,25.3,56.3,8.4,26.3,16.1,23.8,11.9,30.9,42.9,20.5,9.6,5.9,17.7,21.7,92,37.1,82.7,29.1,59.8,8,22.9,18.7,24.7,11.5,34.8,46.3,23.7,9.5,5.5,16.8,20.2,101
144,2014-15,PHO,NBA,82,39,43,0.476,-0.9,0.52,-0.38,96.3,105.3,106.2,0.501,0.537,13.7,24.5,0.191,0.497,0.539,14,26.5,0.221,242.4,38.8,85.8,30.2,60.9,8.5,25,16.4,21.5,10.9,32.2,43.2,20.2,8.5,4.7,15.1,21.3,102.4,38.4,85,30.7,63.1,7.7,21.9,18.8,24.8,11.6,33.7,45.3,21.1,7.9,4.1,15.6,20.3,103.3
145,2014-15,POR*,NBA,82,51,31,0.622,4.23,0.18,4.41,94.2,108.2,103.7,0.508,0.544,12.6,24.2,0.18,0.476,0.513,11.3,23.8,0.182,242.1,38.7,86,28.9,58.8,9.8,27.2,15.5,19.4,10.7,35.1,45.9,21.9,6.4,4.5,13.6,18.2,102.8,38.2,86.9,31.8,67.9,6.4,18.9,15.8,20.9,11,33.6,44.6,20.4,8,3.6,12.2,18.7,98.6
146,2014-15,SAC,NBA,82,29,53,0.354,-3.71,0.64,-3.07,95.4,105.3,109.2,0.49,0.542,14.8,26.5,0.276,0.507,0.543,11.8,24.8,0.2,242.1,36.7,80.7,31.1,64.2,5.6,16.5,22.3,29.3,10.9,33.3,44.2,20.3,6.7,4,16.3,20.7,101.3,39.5,86.5,30.7,61.5,8.8,25.1,17.3,23.1,11,30.2,41.2,23.3,8.7,6.2,12.9,23.9,105
147,2014-15,SAS*,NBA,82,55,27,0.671,6.2,0.14,6.34,93.8,108.5,102,0.517,0.555,13.1,23.4,0.2,0.484,0.521,13.3,22.7,0.19,243.4,39.1,83.6,30.9,61.1,8.3,22.5,16.7,21.4,9.8,33.8,43.6,24.4,8,5.4,14,19.1,103.2,37.1,83.7,30.3,64.8,6.8,18.9,15.9,21.4,9.9,32.2,42.1,20.7,7.9,4.4,14.2,19.7,97
148,2014-15,TOR*,NBA,82,49,33,0.598,3.07,-0.62,2.45,92.8,111,107.7,0.508,0.553,12,25.6,0.232,0.506,0.542,13.4,26.7,0.208,242.1,37.9,83.3,29,58.2,8.9,25.1,19.3,24.6,10.7,30.8,41.5,20.7,7.5,4.4,12.9,20.9,104,38,82.8,30.3,60.5,7.7,22.3,17.2,23.5,11.2,31.2,42.5,22.8,6.9,5,14.4,20.3,100.9
149,2014-15,UTA,NBA,82,38,44,0.463,0.22,0.49,0.71,90.4,105.1,104.9,0.494,0.531,14.6,29.1,0.214,0.491,0.529,12.8,23.7,0.199,240.3,35.4,79.2,27.9,57.5,7.4,21.7,17,23.5,12,31.9,44,19.9,7.6,6,15.3,19.3,95.1,35.8,80.3,28.4,60,7.4,20.4,16,21.5,9.9,29.3,39.2,19.4,8.2,4.7,13.1,19.6,94.9
150,2014-15,WAS*,NBA,82,46,36,0.561,0.72,-0.55,0.17,93.7,103.7,103,0.499,0.534,14,24.9,0.192,0.481,0.521,12.9,22.7,0.21,243.4,38.3,82.8,32.2,66,6.1,16.8,15.9,21.4,10.5,34.2,44.7,24,7.3,4.6,15,20.8,98.5,36.2,83.5,28.1,60.5,8,23,17.5,23.7,10,31.7,41.7,19.9,8,4.3,14,19.6,97.8
151,2015-16,ATL*,NBA,82,48,34,0.585,3.61,-0.12,3.49,97.1,105.1,101.4,0.516,0.552,13.8,19.1,0.185,0.48,0.518,14.4,25.4,0.194,241.8,38.6,84.4,28.7,56.1,9.9,28.4,15.6,20,8.3,33.8,42.1,25.6,9.1,5.9,15,19.1,102.8,37.1,86.1,28.9,61.6,8.3,24.5,16.7,22.1,11.5,35,46.5,22,8.6,5,16.1,18.3,99.2
152,2015-16,BOS*,NBA,82,48,34,0.585,3.21,-0.37,2.84,98.5,106.8,103.6,0.488,0.531,12.1,25.1,0.208,0.487,0.531,14.6,25.4,0.231,241.2,39.2,89.2,30.5,63.1,8.7,26.1,18.5,23.5,11.6,33.3,44.9,24.2,9.2,4.2,13.7,21.9,105.7,37.5,85,29.7,61.7,7.8,23.3,19.7,26,11.4,34.6,46,20.9,7.6,5.5,16.4,21,102.5
153,2015-16,BRK,NBA,82,21,61,0.256,-7.35,0.24,-7.12,95.2,103.2,110.9,0.492,0.527,13.6,24.1,0.186,0.534,0.565,13.1,24.3,0.176,240.9,38.2,84.4,31.8,66,6.5,18.4,15.7,20.7,10.5,31.9,42.4,22.3,7.6,4,14.8,18,98.6,40.8,85.2,31.3,59.6,9.5,25.6,15,19.6,10.2,33.2,43.4,24.5,8.8,5.2,14.2,18.4,106
154,2015-16,CHI,NBA,82,42,40,0.512,-1.48,0.01,-1.46,95.7,105,106.5,0.487,0.526,12.6,24.5,0.189,0.485,0.52,10.7,25.1,0.182,242.7,38.6,87.4,30.7,66.1,7.9,21.4,16.5,21,11.1,35.2,46.3,22.8,6,5.7,13.9,18.8,101.6,39.4,89.4,31.5,66.4,7.9,23,16.3,22.1,11.8,34.1,45.9,22.5,8,5.7,11.9,18.7,103.1
155,2015-16,CHO*,NBA,82,48,34,0.585,2.72,-0.36,2.36,95.7,107.1,104.3,0.502,0.545,11.7,20,0.222,0.496,0.534,12.5,20.2,0.191,242.1,37,84.4,26.4,55,10.6,29.4,18.7,23.7,9,35,43.9,21.7,7.3,5.3,12.6,18.1,103.4,37.8,85,28.9,59.6,8.9,25.4,16.3,21.2,8.9,35.8,44.7,23.2,6.7,5.5,13.5,20.4,100.7
156,2015-16,CLE*,NBA,82,57,25,0.695,6,-0.55,5.45,93.3,110.9,104.5,0.524,0.558,12.7,25.1,0.194,0.496,0.534,12.6,21.5,0.205,242.1,38.7,84,27.9,54.4,10.7,29.6,16.3,21.7,10.6,33.9,44.5,22.7,6.7,3.9,13.6,20.3,104.3,36.8,82.1,28.9,59.4,7.9,22.7,16.8,22.6,9.3,31.8,41,21.4,7.2,4.4,13.3,20.6,98.3
157,2015-16,DAL*,NBA,82,42,40,0.512,-0.3,0.29,-0.02,94.3,106.7,107,0.502,0.544,12,20.6,0.211,0.504,0.54,12.8,23.8,0.198,244,37.4,84.1,27.5,55.6,9.8,28.6,17.7,22.3,9.2,33.9,43.1,22.1,6.8,3.7,12.8,19.5,102.3,38.3,85,29.3,58.5,9.1,26.5,16.9,22.8,10.6,35.2,45.8,22,7.5,4.4,13.9,21.4,102.6
158,2015-16,DEN,NBA,82,33,49,0.402,-3.1,0.29,-2.81,95.7,105.6,108.9,0.489,0.531,13.2,25.8,0.216,0.515,0.554,12.6,22.7,0.216,241.8,37.7,85.4,29.7,61.7,8,23.7,18.5,24.1,11.5,33.1,44.6,22.7,7.4,4.8,14.7,21,101.9,38.8,84.2,29.6,59.4,9.2,24.8,18.2,23.9,9.7,32.9,42.7,23.5,8,6.3,13.7,20.9,105
159,2015-16,DET*,NBA,82,44,38,0.537,0.61,-0.18,0.43,95.1,106.1,105.5,0.491,0.522,12.2,27,0.197,0.504,0.542,12.5,20.7,0.196,242.4,37.9,86.4,28.9,60.2,9,26.2,17.1,25.5,12.5,33.9,46.3,19.4,7,3.7,13.5,19,102,38.8,84.2,31.5,63.7,7.3,20.5,16.5,21,8.8,33.7,42.5,21.5,7.1,4.5,13.4,21.6,101.4
160,2015-16,GSW*,NBA,82,73,9,0.89,10.76,-0.38,10.38,99.3,114.5,103.8,0.563,0.593,13.5,23.5,0.191,0.479,0.52,12.6,24,0.208,242.4,42.5,87.3,29.4,55.7,13.1,31.6,16.7,21.8,10,36.2,46.2,28.9,8.4,6.1,15.2,20.7,114.9,38.9,89.4,31.1,65.9,7.8,23.5,18.6,24.5,11.4,32.5,43.9,22.2,8.7,4.1,14.5,19.8,104.1
161,2015-16,HOU*,NBA,82,41,41,0.5,0.2,0.14,0.34,97.6,108.3,108.1,0.516,0.553,14.2,25.7,0.244,0.516,0.554,14.7,27.2,0.219,241.8,37.7,83.5,27,52.6,10.7,30.9,20.4,29.4,11.3,31.7,43.1,22.2,10,5.2,15.9,21.8,106.5,39,85.1,29.3,58.2,9.7,26.9,18.6,24.6,11.8,32.8,44.6,24.6,9,4.9,16.6,22.5,106.4
162,2015-16,IND*,NBA,82,45,37,0.549,1.71,-0.09,1.62,96.6,104.6,102.9,0.497,0.536,13.5,23.4,0.205,0.489,0.528,14.3,24,0.205,242.4,38.3,85.2,30.2,62.1,8.1,23,17.4,22.8,10.3,33.9,44.2,21.2,9,4.8,14.9,20,102.2,37.4,84.9,29.1,60.1,8.3,24.8,17.4,23.2,10.7,33.8,44.5,20.8,7.7,4.5,15.8,20.4,100.5
163,2015-16,LAC*,NBA,82,53,29,0.646,4.28,-0.15,4.13,95.8,108.3,103.8,0.524,0.556,12.1,20.1,0.22,0.48,0.523,13.8,26.2,0.222,241.8,38.3,82.4,28.6,55.7,9.7,26.7,18.2,26.2,8.8,33.3,42,22.8,8.6,5.6,13,21.3,104.5,36.8,84.7,28.9,61.4,7.9,23.3,18.8,25.1,11.8,34.9,46.7,21.2,7.1,3.2,15.4,22.5,100.2
164,2015-16,LAL,NBA,82,17,65,0.207,-9.56,0.64,-8.92,95.6,101.6,111.6,0.46,0.509,12.5,23.1,0.228,0.523,0.556,11.6,25.3,0.202,240.6,35.1,84.8,27.3,60.2,7.8,24.6,19.3,24.7,10.7,32.3,43,18,7.2,4.1,13.7,20.3,97.3,40.5,85.6,32,61.1,8.5,24.6,17.3,23.7,10.9,35.5,46.5,24.7,7.5,5.6,12.6,19.2,106.9
165,2015-16,MEM*,NBA,82,42,40,0.512,-2.24,0.11,-2.14,93.3,105.4,107.8,0.477,0.524,12.3,25.3,0.231,0.518,0.563,15.2,24.9,0.251,241.8,36.8,83.6,30.7,65.1,6.1,18.5,19.3,24.7,11.2,30.5,41.6,20.7,8.8,4.3,13.3,21.7,99.1,35.9,78.8,26.2,52.1,9.7,26.6,19.7,25.7,10.1,33.1,43.2,21.9,7,5.7,16.2,21.1,101.3
166,2015-16,MIA*,NBA,82,48,34,0.585,1.65,-0.14,1.5,93.6,106.1,104.4,0.508,0.545,13.3,23.8,0.21,0.485,0.525,12.1,22.2,0.196,241.8,38.4,81.7,32.3,63.6,6.1,18,17.1,23,9.8,34.3,44.1,20.8,6.7,6.5,14.1,18.3,100,37.2,84.3,29.9,63.1,7.4,21.2,16.5,21.5,9.8,31.5,41.3,20.2,7.5,4.1,12.9,19.6,98.4
167,2015-16,MIL,NBA,82,33,49,0.402,-4.18,0.2,-3.98,94.2,104.3,108.7,0.499,0.537,14.2,24.9,0.207,0.51,0.551,14.2,26.9,0.221,241.8,38.4,82.2,33,66.6,5.4,15.6,17,22.7,10.5,31.2,41.7,23.1,8.2,5.8,15.2,20.7,99,37.8,83.1,28.4,56.7,9.3,26.5,18.4,23.9,11.5,31.5,43,24.5,8.3,5.6,15.5,19.5,103.2
168,2015-16,MIN,NBA,82,29,53,0.354,-3.54,0.15,-3.38,95.2,106.5,110.1,0.498,0.549,13.9,24.3,0.263,0.524,0.559,13.6,25.3,0.2,242.4,37.7,81.3,32.2,64.9,5.5,16.4,21.4,27,10,31.5,41.6,23.4,8,4.6,15,20.7,102.4,40,84.9,30.9,59.4,9,25.5,17,22.5,10.7,31.2,41.9,22.6,7.8,5.2,14.9,21.6,106
169,2015-16,NOP,NBA,82,30,52,0.366,-3.79,0.24,-3.56,96.8,105.6,109.5,0.498,0.537,12.3,21.2,0.201,0.523,0.564,12.7,21.2,0.225,241.2,38.5,85.9,29.9,62.1,8.6,23.8,17.3,22.2,9.5,33.1,42.6,22.2,7.7,4.2,13.4,20.9,102.7,39.2,83.9,30,59,9.2,24.9,18.8,24,8.9,35.5,44.4,23.2,7.3,5.2,13.7,19.9,106.5
170,2015-16,NYK,NBA,82,32,50,0.39,-2.73,0,-2.74,93.4,104.6,107.6,0.483,0.527,12.6,23.7,0.205,0.487,0.526,10.5,24.2,0.204,241.5,36.9,84,29.4,62.5,7.4,21.5,17.2,21.4,10.4,34,44.4,20.5,5.7,5.7,13.4,19.7,98.4,38,85.8,30.3,63.4,7.6,22.4,17.5,23.2,10.9,33.3,44.2,20.8,7.2,4.2,11.3,18.5,101.1
171,2015-16,OKC*,NBA,82,55,27,0.671,7.28,-0.19,7.09,96.7,113.1,105.6,0.524,0.565,14,31.1,0.228,0.484,0.524,11.7,24,0.205,241.8,41.1,86.4,32.9,62.6,8.3,23.7,19.7,25.2,13.1,35.6,48.6,23,7.4,5.9,15.9,20.6,110.2,38.4,87.7,30.3,63.9,8.1,23.8,18,23.8,11.3,28.9,40.2,21.5,8.8,4.5,13,20.2,102.9
172,2015-16,ORL,NBA,82,35,47,0.427,-1.62,-0.06,-1.68,96,105.1,106.8,0.5,0.533,12.8,23.1,0.175,0.513,0.551,13.8,23.5,0.215,242.7,39.5,86.8,31.8,64.7,7.8,22.2,15.2,20.1,10.3,33,43.3,23.6,8.2,5.1,14.1,20.7,102.1,38.4,83.5,29.5,58.6,8.9,24.9,17.9,24,10.1,34.1,44.3,23.2,7.6,5.5,15.1,18.3,103.7
173,2015-16,PHI,NBA,82,10,72,0.122,-10.23,0.31,-9.92,97.9,98.8,109.2,0.487,0.519,14.8,20.6,0.186,0.51,0.555,13.5,26,0.24,241.5,36.2,84,26.9,56.5,9.3,27.5,15.7,22.6,9.5,31.8,41.2,21.5,8.3,6,16.4,21.7,97.4,39.7,85.4,31.9,63.8,7.8,21.7,20.5,26.1,11.1,36.4,47.6,23.4,8.7,5.7,15.1,19.2,107.6
174,2015-16,PHO,NBA,82,23,59,0.28,-6.66,0.34,-6.32,98.5,102.2,109,0.487,0.526,15.2,25.4,0.204,0.523,0.563,13.5,22.9,0.237,240.3,37.2,85.6,28.2,59.8,9,25.8,17.5,23.2,11.5,33.3,44.8,20.7,7.7,3.8,17.2,22.7,100.9,39.1,83.8,29.7,58.9,9.4,24.9,19.9,26.5,9.9,33.8,43.7,22.4,9.5,5.5,14.9,21.6,107.5
175,2015-16,POR*,NBA,82,44,38,0.537,0.83,0.15,0.98,96,108.8,108,0.511,0.548,13.2,25.9,0.202,0.503,0.543,12.1,23.8,0.225,241.5,38.6,85.9,28.1,57.4,10.5,28.5,17.4,23,11.6,33.9,45.5,21.3,6.9,4.6,14.6,21.7,105.1,38.4,84.7,29.8,61.7,8.5,23,19,26,10.6,33.1,43.7,21.6,7.7,5.2,13.3,19.5,104.3
176,2015-16,SAC,NBA,82,33,49,0.402,-2.48,0.16,-2.32,100,106,108.4,0.51,0.546,14.2,23.9,0.214,0.521,0.557,14,25.1,0.202,241.5,40,86.4,32,64,8,22.4,18.5,25.5,10.6,33.7,44.2,24.5,8.9,4.5,16.2,20.4,106.6,40.6,87.7,30.3,59.8,10.2,28,17.7,23.2,11.3,33.7,45,24.2,8.8,5.3,16,22,109.1
177,2015-16,SAS*,NBA,82,67,15,0.817,10.63,-0.36,10.28,93.8,110.3,99,0.526,0.564,12.4,23,0.197,0.477,0.513,14.1,20.9,0.182,240.3,40.1,82.9,33.2,64.4,7,18.5,16.4,20.4,9.4,34.5,43.9,24.5,8.3,5.9,13.1,17.5,103.5,35.7,81.8,29.1,61.9,6.6,19.9,14.9,19.6,9.1,31.4,40.5,20.8,7.2,3.9,14.8,19.5,92.9
178,2015-16,TOR*,NBA,82,56,26,0.683,4.5,-0.42,4.08,92.9,110,105.2,0.504,0.552,12.3,24.6,0.255,0.498,0.535,12.7,22.3,0.201,241.2,36.7,81.3,28,58,8.6,23.4,20.8,26.7,10.2,33.2,43.4,18.7,7.8,5.5,13.1,19.6,102.7,36.5,82.1,27.7,58.7,8.7,23.4,16.5,22.1,9.5,31.2,40.8,21.7,6.5,5.4,13.3,22,98.2
179,2015-16,UTA,NBA,82,40,42,0.488,1.79,0.05,1.84,91,105.9,103.9,0.501,0.54,14.2,25.9,0.213,0.495,0.534,13.5,22.3,0.21,243.4,36.1,80.4,27.6,56.5,8.5,23.9,17.1,23,10.7,32.5,43.2,19,7.7,5.2,14.9,20.2,97.7,35.6,79.9,27.7,57.7,7.9,22.2,16.8,22.5,9.3,30.8,40.1,19.1,8,4.7,14,19.9,95.9
180,2015-16,WAS,NBA,82,41,41,0.5,-0.5,0,-0.5,98.5,105.3,105.8,0.511,0.544,13.1,20.6,0.192,0.515,0.555,14.6,22.3,0.218,240.9,39.5,85.8,30.8,61.6,8.6,24.2,16.5,22.5,9.1,32.8,41.8,24.5,8.6,3.9,14.5,20.8,104.1,38.7,83.8,29.7,59.5,9,24.2,18.3,23.7,9.4,34.9,44.3,22.5,8.1,4.3,16.2,20.1,104.6
181,2016-17,ATL*,NBA,82,43,39,0.524,-0.85,-0.38,-1.23,97.4,104.9,105.7,0.504,0.541,14.2,23.6,0.215,0.507,0.541,13.8,23.9,0.179,242.4,38.1,84.4,29.2,58.3,8.9,26.1,18.1,24.9,10.3,34.1,44.3,23.6,8.2,4.8,15.8,18.2,103.2,38.8,87.3,27.9,56.7,10.9,30.5,15.6,20.2,10.7,33.2,43.9,23.4,9,5.2,15.4,21.6,104
182,2016-17,BOS*,NBA,82,53,29,0.646,2.63,-0.39,2.25,96.8,111.2,108.4,0.525,0.567,12.2,21.2,0.22,0.503,0.545,12.6,24.7,0.223,240.9,38.6,85.1,26.6,51.7,12,33.4,18.7,23.2,9.1,32.9,42,25.2,7.5,4.1,13.3,20.6,108,38.6,85.8,29.7,58.8,9,27,19.1,24.9,10.8,33.8,44.5,22.6,7.6,5.2,13.9,20.3,105.4
183,2016-17,BRK,NBA,82,20,62,0.244,-6.73,-0.01,-6.74,101.3,104.1,110.7,0.507,0.551,14.7,19.6,0.228,0.513,0.552,11.6,23.9,0.212,240.9,37.8,85.2,27.1,53.6,10.7,31.6,19.4,24.6,8.8,35.1,43.9,21.4,7.2,4.7,16.5,21,105.8,41.6,90.8,31.7,63.6,10,27.2,19.3,25,11,36.2,47.2,23,9.5,5.6,13.3,20.4,112.5
184,2016-17,CHI*,NBA,82,41,41,0.5,0.43,-0.39,0.03,95.3,107.4,107,0.487,0.53,12.3,27,0.206,0.507,0.54,12.4,23.2,0.169,241.2,38.6,87.1,31,64.8,7.6,22.3,18,22.5,12.2,34.1,46.3,22.6,7.8,4.8,13.6,17.7,102.9,39.5,86.6,30.5,60.7,8.9,25.9,14.6,19,10.3,32.9,43.2,23.6,7.3,4.6,13.4,18.8,102.4
185,2016-17,CHO,NBA,82,36,46,0.439,0.2,-0.26,-0.07,95.7,108.8,108.6,0.501,0.547,10.7,19.9,0.227,0.523,0.554,12.1,20.4,0.164,241.8,37.7,85.4,27.7,56.7,10,28.6,19.4,23.8,8.8,34.8,43.6,23.1,7,4.8,11.5,16.6,104.9,39.5,86.5,27.9,55.1,11.6,31.4,14.2,18.2,8.9,35.5,44.4,24.5,6.6,5.5,13.1,19.9,104.7
186,2016-17,CLE*,NBA,82,51,31,0.622,3.18,-0.31,2.87,96.2,113.6,110.3,0.547,0.58,12.6,21.9,0.206,0.516,0.549,11.4,24.2,0.174,242.4,39.9,84.9,26.9,51,13,33.9,17.5,23.3,9.3,34.4,43.7,22.7,6.6,4,13.7,18.1,110.3,40.6,88.8,30.3,60.1,10.4,28.7,15.5,20,11,33.2,44.2,24.7,7.3,4.3,12.6,20.6,107.2
187,2016-17,DAL,NBA,82,33,49,0.402,-2.93,0.4,-2.53,92.2,105.6,108.8,0.505,0.541,11.6,18.1,0.18,0.529,0.568,14.4,22.4,0.218,241.2,36.2,82.3,25.5,52.2,10.7,30.2,14.8,18.5,7.9,30.7,38.6,20.8,7.5,3.7,11.9,19.1,97.9,37,79,27.4,53.7,9.6,25.3,17.2,22.3,8.9,35.6,44.5,21.3,6.5,3.4,14.9,19.4,100.8
188,2016-17,DEN,NBA,82,40,42,0.488,0.51,0.19,0.7,98.3,113.2,112.7,0.53,0.568,13.2,27.3,0.214,0.532,0.567,10.9,21.3,0.194,240.9,41.2,87.7,30.6,58.9,10.6,28.8,18.7,24.2,11.8,34.6,46.4,25.3,6.9,3.9,15,19.1,111.7,42.1,88.4,32.3,62.1,9.9,26.3,17.1,21.9,9.4,31.4,40.8,24,8.3,4.9,12,20.2,111.2
189,2016-17,DET,NBA,82,37,45,0.451,-1.12,-0.17,-1.29,95,106,107.1,0.492,0.521,10.9,24.1,0.157,0.516,0.553,12.1,18.8,0.197,241.5,39.9,88.8,32.2,65.5,7.7,23.4,13.9,19.3,11.1,34.6,45.7,21.1,7,3.8,11.9,17.9,101.3,38.3,83.3,29,57.7,9.4,25.6,16.4,21,8,34.9,42.9,23.5,6.7,4.1,12.8,17.5,102.5
190,2016-17,GSW*,NBA,82,67,15,0.817,11.63,-0.28,11.35,99.8,115.6,104,0.563,0.597,13.2,22.8,0.204,0.486,0.525,13.5,25.1,0.198,241.2,43.1,87.1,31.1,55.8,12,31.2,17.8,22.6,9.4,35,44.4,30.4,9.6,6.8,14.8,19.3,115.9,38.8,89.2,29.8,61.4,9,27.8,17.7,23.2,11.7,31.8,43.5,22.7,8.6,3.8,15.5,19.4,104.3
191,2016-17,HOU*,NBA,82,55,27,0.671,5.77,0.08,5.84,100,114.7,109,0.545,0.583,13.3,24.6,0.233,0.519,0.556,13.2,24.2,0.194,241.2,40.3,87.2,25.9,46.9,14.4,40.3,20.3,26.5,10.9,33.5,44.4,25.2,8.2,4.3,15.1,19.9,115.3,41.2,88.9,31.2,59.7,10,29.1,17.3,22.2,10.7,33.4,44.1,24.1,8.5,5,15.1,20.4,109.6
192,2016-17,IND*,NBA,82,42,40,0.512,-0.22,-0.42,-0.64,95.9,108.6,108.8,0.516,0.558,12.8,21.2,0.212,0.512,0.555,13.6,24.5,0.225,242.1,39.3,84.5,30.6,61.5,8.6,23,17.9,22.1,9,33,42,22.5,8.2,5,13.8,19.5,105.1,38,84.3,27.6,55.1,10.4,29.1,19,24.1,10.7,33.5,44.3,22.3,8.1,5,14.9,19.5,105.3
193,2016-17,LAC*,NBA,82,51,31,0.622,4.29,0.13,4.42,96.1,112.7,108.2,0.537,0.574,12,21.5,0.233,0.506,0.546,12.1,23.1,0.211,240.9,39.5,83.2,29.3,55.8,10.3,27.4,19.3,26,9,34,43,22.5,7.5,4.2,13,19.8,108.7,38.6,85.4,29.4,59.1,9.2,26.3,18,23.4,10.2,32.9,43.1,23.1,7,3.1,13.2,22.4,104.4
194,2016-17,LAL,NBA,82,26,56,0.317,-6.88,0.58,-6.29,98.5,106,113,0.501,0.537,13.5,25,0.195,0.542,0.577,13,24.2,0.213,240.3,39.3,87.4,30.4,61.6,8.9,25.7,17,22.6,11.4,32.1,43.5,20.9,8.2,3.9,15.2,20.7,104.6,41.5,86,31.4,58.6,10.1,27.4,18.3,24,10.3,34.2,44.4,25.7,8.5,5.4,14.5,18.5,111.5
195,2016-17,MEM*,NBA,82,43,39,0.524,0.49,0.47,0.96,92.3,107.7,107.1,0.491,0.535,12.1,24.8,0.219,0.506,0.551,13.6,22.5,0.256,242.7,36.4,83.6,27,57.1,9.4,26.5,18.3,23.4,10.8,32,42.8,21.3,8,4.2,12.9,22.4,100.5,34.9,78.8,25,50.8,9.9,28,20.2,26.9,9.3,32.8,42.1,20.1,7,5,14.3,20.8,100
196,2016-17,MIA,NBA,82,41,41,0.5,1.06,-0.29,0.77,95.2,107.8,106.7,0.512,0.541,12.4,24.2,0.177,0.496,0.54,12.6,23.6,0.22,241.2,39,85.8,29.2,58.8,9.9,27,15.2,21.6,10.6,33,43.6,21.2,7.2,5.7,13.4,20.5,103.2,37.9,84.2,30.1,61.5,7.8,22.7,18.5,23.7,10.2,33.4,43.6,19.6,6.8,4.9,13.7,18.7,102.1
197,2016-17,MIL*,NBA,82,42,40,0.512,-0.18,-0.26,-0.45,94.5,109.1,109.3,0.527,0.565,13.2,21.5,0.21,0.518,0.557,13.6,24.6,0.215,241.2,38.8,81.9,30,58.2,8.8,23.7,17.2,22.4,8.8,31.6,40.4,24.2,8.1,5.3,14,20.2,103.6,38,83,28,54.8,10,28.2,17.9,23.2,10.3,32.1,42.5,24.1,7.4,4.6,14.7,19.3,103.8
198,2016-17,MIN,NBA,82,31,51,0.378,-1.11,0.47,-0.64,94.6,110.8,112,0.511,0.555,12.9,27.2,0.229,0.535,0.571,13.2,24.1,0.212,241.5,39.5,84.4,32.1,63.4,7.3,21,19.3,24.2,11.4,31,42.4,23.7,8,4.5,14,20.1,105.6,39.6,83.3,29.7,56.3,9.9,27,17.6,22.9,9.8,30.6,40.4,23.1,7.7,5,14.3,20.5,106.7
199,2016-17,NOP,NBA,82,34,48,0.415,-2.1,0.41,-1.69,98,105.2,107.4,0.504,0.539,11.7,18.5,0.192,0.509,0.542,12.4,23.2,0.177,242.7,39.1,87,29.8,60.2,9.4,26.8,16.7,22.3,8.6,35.1,43.7,22.8,7.8,5.5,12.9,18.2,104.3,40.1,89,29.5,59.2,10.5,29.8,15.8,20.7,10.6,37.7,48.3,23.4,7.4,4.2,14,19.3,106.4
200,2016-17,NYK,NBA,82,31,51,0.378,-3.67,-0.2,-3.87,96,107.7,111.5,0.496,0.534,12.4,26.6,0.188,0.511,0.551,11.7,25.9,0.214,242.1,39.6,88.5,31,63.8,8.6,24.7,16.6,21.1,12,33.2,45.2,21.8,7.1,5.5,13.9,20.3,104.3,39.7,87.4,29.9,59.1,9.8,28.2,18.7,24.2,11.6,33.1,44.7,21.8,7.5,4.6,12.9,18.5,108
201,2016-17,OKC*,NBA,82,47,35,0.573,0.76,0.39,1.14,97.8,108.3,107.5,0.5,0.54,13.2,27.9,0.22,0.511,0.551,12.5,21,0.218,241.5,39.5,87.4,31,61.6,8.4,25.8,19.2,25.8,12.2,34.4,46.6,21,7.9,5,15,20.9,106.6,39.2,85.3,30.4,60.5,8.8,24.8,18.6,24.3,9.1,31.5,40.6,21.4,8.5,5.5,13.8,20.7,105.8
202,2016-17,ORL,NBA,82,29,53,0.354,-6.57,-0.04,-6.61,96.8,103.7,110.5,0.489,0.524,12.1,21.6,0.184,0.523,0.559,11.9,22.6,0.201,241.5,38.3,87,29.7,60.9,8.5,26.1,16,21.4,9.8,33.3,43.2,22.2,7.1,4.8,13.3,19.3,101.1,40.3,86.4,30.6,60,9.7,26.4,17.4,22.7,9.7,35.8,45.5,23.6,7.6,5.1,13,18.7,107.6
203,2016-17,PHI,NBA,82,28,54,0.341,-5.7,-0.14,-5.83,98.5,103.2,108.9,0.501,0.539,14.9,22.4,0.199,0.512,0.555,13.5,24.7,0.234,241.8,37.7,85.3,27.5,55.5,10.1,29.8,17,22,9.8,33,42.8,23.8,8.4,5.1,16.7,21.9,102.4,39.6,85.9,30.7,61,8.9,24.9,20.1,26,10.8,34.2,45,22.7,8.6,5.4,15.1,19.6,108.1
204,2016-17,PHO,NBA,82,24,58,0.293,-5.63,0.49,-5.14,100.3,106.6,112.2,0.493,0.538,13.4,26,0.231,0.525,0.572,13.1,23.6,0.264,241.8,39.9,88.5,32.4,65.9,7.5,22.6,20.4,26.3,11.9,33.1,45,19.6,8.2,4.9,15.4,24.8,107.7,40.2,86.2,30.2,59.9,10.1,26.3,22.8,29.1,10.2,33.8,44,22.2,8.1,5.3,14.9,22.2,113.3
205,2016-17,POR*,NBA,82,41,41,0.5,-0.52,0.3,-0.23,96.7,110.3,110.8,0.52,0.559,12.5,23,0.214,0.508,0.554,11.6,23.2,0.241,243,39.5,86.1,29.2,58.4,10.4,27.7,18.5,23.7,10.1,33.5,43.7,21.1,7,5,13.7,21.2,107.9,39.2,86.2,29.9,61.1,9.3,25.1,20.8,26.5,10.1,33.9,44,20.6,7.7,5.3,12.8,19.8,108.5
206,2016-17,SAC,NBA,82,32,50,0.39,-3.88,0.58,-3.29,94.9,107.3,111.3,0.516,0.556,13.7,21,0.22,0.528,0.568,12.9,23.7,0.227,242.4,37.9,82.1,28.9,58.2,9,23.9,18.1,23.3,8.7,32.3,41.1,22.5,7.6,4,14.6,20.3,102.8,38.5,83.2,27.5,53.2,10.9,30,18.9,24.2,10.1,32.8,42.9,23.7,8.5,5.1,14,20.1,106.7
207,2016-17,SAS*,NBA,82,61,21,0.744,7.2,-0.06,7.13,94.2,111.1,103.5,0.524,0.564,12.6,24,0.21,0.492,0.53,13.5,22.4,0.192,241.5,39.3,83.7,30.1,60.2,9.2,23.5,17.6,22,10,33.9,43.9,23.8,8,5.9,13.4,18.3,105.3,37,83.4,28.8,59.7,8.1,23.7,16,20.8,9.8,31.7,41.5,21.4,7.5,4.1,14.4,19.8,98.1
208,2016-17,TOR*,NBA,82,51,31,0.622,4.21,-0.56,3.65,94.7,112.3,107.8,0.517,0.561,11.8,25,0.233,0.507,0.55,13.5,23.7,0.223,241.2,39.2,84.4,30.3,60,8.8,24.3,19.7,24.7,10.6,32.6,43.3,18.5,8.3,4.9,12.7,20.8,106.9,37.2,82.9,27.5,55.6,9.7,27.3,18.5,23.8,10.1,31.9,42.1,21.8,6.7,4.8,14.6,20.3,102.6
209,2016-17,UTA*,NBA,82,51,31,0.622,3.94,0.06,4,91.6,109.6,105.3,0.526,0.563,13.2,23.2,0.215,0.493,0.531,11.8,21.1,0.195,240.9,37,79.5,27.3,53.5,9.6,26,17.1,22.9,9.4,33.8,43.2,20.1,6.7,5,13.6,18.8,100.7,36.3,82,28.1,59.1,8.2,22.9,16,20.7,9,31.1,40.2,17.8,7.3,3.8,12.1,20.2,96.8
210,2016-17,WAS*,NBA,82,49,33,0.598,1.8,-0.45,1.36,97.4,111.2,109.3,0.528,0.564,12.8,24.1,0.199,0.524,0.561,13.8,24.5,0.213,242.1,41.3,87,32.1,62.3,9.2,24.8,17.3,22.1,10.3,32.6,42.9,23.9,8.5,4.1,14.2,21.3,109.2,39.7,85.1,29.8,58,9.9,27.1,18.2,24.2,10.6,32.5,43,22.8,7.4,4.6,15.3,19.8,107.4
211,2017-18,ATL,NBA,82,24,58,0.293,-5.45,0.15,-5.3,98.3,105,110.6,0.512,0.547,14.1,21.1,0.185,0.536,0.568,13.6,23.8,0.183,240.3,38.2,85.5,27,54.5,11.2,31,15.8,20.2,9.1,32.8,41.9,23.7,7.8,4.2,15.6,19.6,103.4,40.7,86.7,29.1,56,11.6,30.7,15.9,20.6,10.3,34,44.2,26.1,8.7,5.5,15.1,20.3,108.8
212,2017-18,BOS*,NBA,82,55,27,0.671,3.59,-0.35,3.23,96,107.6,103.9,0.518,0.552,13,21.5,0.188,0.495,0.532,13,21.6,0.191,241.5,38.3,85.1,26.9,54.7,11.5,30.4,16,20.7,9.4,35.1,44.5,22.5,7.4,4.5,14,19.7,104,37.4,85,28,57.4,9.4,27.7,16.3,21.3,9.6,34.2,43.8,21.3,7.2,4.4,14.1,19.2,100.4
213,2017-18,BRK,NBA,82,28,54,0.341,-3.74,0.07,-3.67,98.9,106.9,110.6,0.514,0.551,13.6,21,0.201,0.517,0.553,11,23,0.201,242.1,38.2,86.8,25.5,51.1,12.7,35.7,17.4,22.6,9.7,34.8,44.4,23.7,6.2,4.8,15.2,20.6,106.6,41.7,89.4,32.6,64.9,9,24.5,17.9,23.4,10.4,36.4,46.8,21.7,7.7,5.5,12.4,19.7,110.3
214,2017-18,CHI,NBA,82,27,55,0.329,-7.04,0.2,-6.84,98.3,103.8,110.9,0.497,0.529,12.6,20.6,0.164,0.542,0.575,12.4,19.4,0.184,242.1,38.7,88.8,27.6,57.8,11,31.1,14.6,19.2,9.6,35,44.7,23.5,7.6,3.5,14,19.2,102.9,41,86.8,28.9,54.1,12.1,32.7,15.9,20.2,8.4,37.2,45.7,25.9,7.2,5.2,13.6,17.4,110
215,2017-18,CHO,NBA,82,36,46,0.439,0.26,-0.19,0.07,98.4,109.4,109.1,0.508,0.549,11.4,22.2,0.233,0.532,0.563,12.4,19.3,0.165,241.2,39,86.7,28.9,59.4,10,27.2,20.2,27,10.1,35.4,45.5,21.6,6.8,4.5,12.7,17.2,108.2,41.1,87.8,29.8,57.7,11.3,30.1,14.5,18.2,8.4,35.3,43.7,24.7,6.6,4.9,13.6,22.4,108
216,2017-18,CLE*,NBA,82,50,32,0.61,0.94,-0.35,0.59,98,112.9,111.9,0.547,0.584,12.6,20.1,0.214,0.54,0.568,12.2,22.7,0.166,240.6,40.4,84.8,28.4,52.6,12,32.1,18.1,23.3,8.5,33.7,42.1,23.4,7.1,3.8,13.7,18.6,110.9,41.8,88.3,30.2,56.6,11.7,31.7,14.6,19.4,9.9,33.7,43.6,25.9,7.5,4.1,13.5,20.7,109.9
217,2017-18,DAL,NBA,82,24,58,0.293,-3.04,0.34,-2.7,95.6,106.3,109.5,0.513,0.544,11.6,18,0.166,0.532,0.565,12.9,21.1,0.193,241.5,38.1,85.9,26.4,53.1,11.8,32.8,14.2,18.7,8.1,33.1,41.3,22.7,7,3.8,12.3,19.2,102.3,39.3,83.8,28.6,54.4,10.7,29.4,16.2,21.4,8.8,36.9,45.8,23.5,7.2,4.5,13.7,19.6,105.4
218,2017-18,DEN,NBA,82,46,36,0.561,1.48,0.09,1.57,96.8,112.5,111,0.536,0.57,13.4,25.7,0.198,0.539,0.567,12.6,22.5,0.173,242.4,40.7,86.6,29.2,55.7,11.5,30.9,17.1,22.3,11,33.5,44.5,25.1,7.6,4.9,15,18.7,110,41.3,86.7,30.4,57.9,10.9,28.8,15,20.4,9.8,31.9,41.6,24.7,8,4.8,13.8,20.7,108.5
219,2017-18,DET,NBA,82,39,43,0.476,-0.15,-0.11,-0.26,96.2,107.2,107.3,0.512,0.543,12.3,22.7,0.169,0.524,0.556,13.7,21.5,0.172,241.5,39.1,86.9,28.3,58,10.8,28.9,14.7,19.8,10.1,33.6,43.7,22.8,7.7,3.9,13.5,18.4,103.8,39.1,85.2,28,54.4,11.1,30.8,14.6,18.9,9.2,34.5,43.8,25.2,7.3,4.9,14.8,18.4,103.9
220,2017-18,GSW*,NBA,82,58,24,0.707,5.98,-0.19,5.79,99.6,113.6,107.6,0.569,0.603,14.1,21,0.195,0.504,0.539,12.6,23.7,0.186,240.6,42.8,85.1,31.5,56.2,11.3,28.9,16.6,20.3,8.4,35.1,43.5,29.3,8,7.5,15.5,19.6,113.5,40.2,90,29.8,60.8,10.4,29.2,16.7,22,10.9,31.6,42.5,23.6,8.7,3.7,14.3,18.5,107.5
221,2017-18,HOU*,NBA,82,65,17,0.793,8.48,-0.27,8.21,97.6,114.7,106.1,0.551,0.59,12.7,21.3,0.233,0.521,0.551,13.4,20.1,0.171,240.9,38.7,84.2,23.4,41.9,15.3,42.3,19.6,25.1,9,34.5,43.5,21.5,8.5,4.8,13.8,19.5,112.4,39.6,85.6,29.5,56.7,10.1,28.8,14.6,19.6,8.7,33.4,42,22.4,7.4,4.4,14.6,20.4,103.9
222,2017-18,IND*,NBA,82,48,34,0.585,1.38,-0.2,1.18,96,109.5,108.1,0.525,0.557,12.3,22.7,0.173,0.527,0.558,14.2,23.8,0.174,240.9,40.8,86.4,31.8,61.9,9,24.5,14.9,19.2,9.6,32.7,42.3,22.2,8.8,4.1,13.3,18.8,105.6,39.4,84.8,28.8,54.4,10.6,30.4,14.8,19.5,10.2,32.8,43,23.2,7,5.2,15.5,18.5,104.2
223,2017-18,LAC,NBA,82,42,40,0.512,0.04,0.11,0.15,98.7,110.3,110.2,0.527,0.564,13.2,23.5,0.222,0.52,0.557,12.6,23.9,0.203,240.3,40.3,85.4,30.8,58.6,9.5,26.8,19,25.5,10.1,33.7,43.9,22.3,7.7,4.5,14.7,20,109,40.2,87.7,29.5,57.5,10.7,30.2,17.8,22.7,10.6,33,43.6,24.6,8.5,5.6,14.1,22,109
224,2017-18,LAL,NBA,82,35,47,0.427,-1.55,0.11,-1.44,100.3,106.5,108,0.517,0.548,13.8,23.6,0.188,0.514,0.549,12.5,22.3,0.19,242.7,40.7,88.4,30.7,59.3,10,29.1,16.6,23.3,10.7,35.7,46.4,23.8,7.7,4.7,15.8,21.2,108.1,41,89.9,30.6,59.8,10.4,30.1,17.1,22.5,10.2,34.6,44.8,23.6,8.3,5.5,14.3,20.5,109.6
225,2017-18,MEM,NBA,82,22,60,0.268,-6.21,0.39,-5.81,94.9,104.5,111,0.5,0.539,14,22.4,0.201,0.529,0.573,13.8,23.5,0.256,240.3,36.7,82.8,27.5,56.5,9.2,26.2,16.6,21.1,9.5,31,40.5,21.5,7.5,4.8,15,23.2,99.3,37.1,80.3,26.5,51.3,10.7,29,20.6,26.8,9.5,33,42.5,22.1,8.1,5.1,14.8,20.4,105.5
226,2017-18,MIA*,NBA,82,44,38,0.537,0.48,-0.33,0.15,95.6,106.8,106.3,0.52,0.551,13.3,21.5,0.173,0.507,0.548,13.1,21,0.215,243,38.8,85.3,27.8,54.8,11,30.6,14.7,19.5,9.3,34.2,43.5,22.7,7.6,5.3,14.4,20.1,103.4,37.7,83.8,28.1,57.2,9.6,26.6,18,23,9.1,34,43.1,21,7.5,4.6,14.1,19.4,102.9
227,2017-18,MIL*,NBA,82,44,38,0.537,-0.3,-0.15,-0.45,96.2,109.8,110.1,0.531,0.571,12.9,20.4,0.22,0.528,0.568,14.2,24.1,0.22,241.8,39.7,83,31,58.3,8.8,24.7,18.3,23.4,8.4,31.5,39.8,23.2,8.8,5.4,13.8,21.4,106.5,39.1,83.7,29,56.6,10.1,27.1,18.4,23.5,10,32.8,42.7,23.6,7.1,4.5,15.6,19.9,106.8
228,2017-18,MIN*,NBA,82,47,35,0.573,2.23,0.12,2.35,96,113.4,111.1,0.523,0.566,11.4,24.4,0.225,0.539,0.573,13.9,23.6,0.189,241.5,41,86.1,33,63.6,8,22.5,19.4,24.1,10.3,31.6,42,22.7,8.4,4.2,12.5,18.2,109.5,40.2,84.7,29.4,55,10.9,29.6,16,20.5,9.8,32,41.8,23.9,6.5,4.7,15.1,20.9,107.3
229,2017-18,NOP*,NBA,82,48,34,0.585,1.3,0.18,1.48,100.5,109.6,108.3,0.541,0.573,13.3,20,0.183,0.513,0.547,12.5,23.3,0.175,243.4,42.7,88.3,32.5,60.1,10.2,28.2,16.1,20.9,8.7,35.7,44.3,26.8,8,5.9,14.9,19.1,111.7,41.7,91.9,30.9,61.3,10.9,30.6,16.1,20.5,10.8,34.7,45.5,23.7,8.2,4.2,14.5,20.4,110.4
230,2017-18,NYK,NBA,82,29,53,0.354,-3.56,0.03,-3.53,96.8,107.1,110.7,0.51,0.544,13.3,24.1,0.17,0.522,0.559,12.2,23.3,0.208,241.8,40.7,87.7,32.5,64.4,8.2,23.3,14.9,19,10.5,33.6,44,23.3,6.7,5.1,14.7,20.5,104.5,39.4,86.3,28.2,55.9,11.2,30.4,18,23.2,10.2,33,43.2,24,8.2,4.7,13.4,18.4,108
231,2017-18,OKC*,NBA,82,48,34,0.585,3.41,0,3.42,96.7,110.7,107.2,0.514,0.546,12.4,27.7,0.197,0.525,0.56,14.7,22.6,0.193,241.8,39.9,88.1,29.1,57.7,10.7,30.4,17.3,24.2,12.5,32.6,45.1,21.3,9.1,5,14,20.2,107.9,38.5,84,27.3,53.4,11.2,30.6,16.2,21.1,9.5,32.6,42.2,23.3,7.7,4.6,16,21.3,104.4
232,2017-18,ORL,NBA,82,25,57,0.305,-4.82,-0.1,-4.92,98.1,105.2,110.1,0.512,0.545,13.3,20,0.18,0.525,0.559,12.8,24.4,0.187,240.6,38.8,85.9,28.5,56.5,10.3,29.3,15.5,20.5,8.8,32.8,41.6,23.4,7.6,4.9,14.5,19.3,103.4,40.9,87.5,30.9,60,10,27.6,16.4,21.2,10.6,35.3,45.9,24.4,7.8,4.9,14.2,19,108.2
233,2017-18,PHI*,NBA,82,52,30,0.634,4.5,-0.2,4.3,99.8,109.5,105,0.535,0.568,14.6,25.3,0.198,0.492,0.532,12.6,21.4,0.218,241.2,40.8,86.6,29.9,56.7,11,29.8,17.1,22.8,10.9,36.5,47.4,27.1,8.3,5.1,16.5,22.1,109.8,38,87.6,27.9,58,10.1,29.6,19.1,25.6,10,32.2,42.2,21.7,8.5,5.1,14.3,20.4,105.3
234,2017-18,PHO,NBA,82,21,61,0.256,-9.37,0.57,-8.8,100.3,103.5,112.8,0.495,0.532,13.9,22.5,0.203,0.533,0.569,11.9,23.5,0.212,240.3,38.5,87.1,29.1,59.2,9.3,27.9,17.7,23.9,10.3,33.9,44.1,21.3,6.9,4.5,15.7,22,103.9,41.8,88.7,30.9,59.5,10.9,29.2,18.8,24.6,10.4,35.4,45.9,23.3,8.7,6,13.4,20.9,113.3
235,2017-18,POR*,NBA,82,49,33,0.598,2.6,0,2.6,96.5,109.1,106.4,0.511,0.549,12.3,23.3,0.192,0.503,0.539,11.7,20.9,0.193,240.9,39.3,87,29,58.8,10.3,28.1,16.7,20.9,10.2,35.3,45.5,19.5,7,5.2,13.5,19.5,105.6,38.4,85.9,28.7,59.3,9.7,26.6,16.6,22,9.3,33.6,42.9,20.2,7.3,5.1,12.6,19.1,103
236,2017-18,SAC,NBA,82,27,55,0.329,-6.99,0.39,-6.6,94.9,103.7,111.1,0.502,0.529,12.8,21.5,0.143,0.542,0.576,13.5,22.4,0.199,240.9,38.8,86.1,29.8,62.1,9,24,12.3,16.7,9.5,31.4,40.9,21.6,7.8,4.1,13.7,20,98.8,38.7,82.4,26.8,50.9,11.9,31.5,16.4,21.5,9.1,34.7,43.8,23.6,7.8,4.7,14.3,17.3,105.8
237,2017-18,SAS*,NBA,82,47,35,0.573,2.89,0,2.89,95,107.9,104.8,0.507,0.543,12.2,23.7,0.189,0.507,0.539,13.2,21.4,0.17,240.6,39,85.4,30.6,61.2,8.5,24.1,16.1,20.9,10.4,33.9,44.2,22.8,7.7,5.6,13.1,17.2,102.7,38.2,84.3,29,58,9.1,26.3,14.3,18.9,9.2,33.3,42.5,21.8,7.6,3.9,14.1,19.7,99.8
238,2017-18,TOR*,NBA,82,59,23,0.72,7.78,-0.49,7.29,97.4,113.8,105.9,0.539,0.575,12.1,23,0.198,0.501,0.541,13,22.3,0.212,241.8,41.3,87.4,29.5,54.4,11.8,33,17.3,21.8,9.8,34.2,44,24.3,7.6,6.1,13.4,21.7,111.7,38.4,85.6,29.5,60.6,8.9,25,18.2,23.7,9.8,32.6,42.4,21.8,7.2,4.9,14.3,19.9,103.9
239,2017-18,UTA*,NBA,82,48,34,0.585,4.3,0.17,4.47,95.7,108.4,103.9,0.527,0.564,13.7,21.5,0.202,0.506,0.543,14,20.2,0.19,240.9,38.3,82.9,27.5,53.3,10.8,29.6,16.8,21.5,9,34.2,43.3,22.4,8.6,5.1,14.7,19.6,104.1,37.3,83,27.8,57,9.5,26,15.8,20.5,8.7,33,41.6,20,8.3,4.6,14.9,20.5,99.8
240,2017-18,WAS*,NBA,82,43,39,0.524,0.59,-0.06,0.53,96.6,109.3,108.7,0.525,0.56,13.3,23.5,0.196,0.522,0.56,13.6,22.9,0.212,242.1,39.9,85.6,30,59.1,9.9,26.5,16.8,21.8,10,33.1,43.1,25.2,7.9,4.3,14.6,21.3,106.6,39,84.4,28.8,55.2,10.2,29.2,17.9,23.5,9.8,32.7,42.5,22.3,7.8,4.7,14.9,20,106
241,2018-19,ATL,NBA,82,29,53,0.354,-6.02,-0.04,-6.06,103.9,108.1,113.9,0.522,0.555,14.3,24.7,0.192,0.541,0.58,12.8,23.6,0.237,242.1,41.4,91.8,28.4,54.8,13,37,17.6,23.4,11.6,34.5,46.1,25.8,8.2,5.1,17,23.6,113.3,42.8,90.5,30.4,56.1,12.4,34.4,21.5,28.3,10.6,35.4,46,26.9,9.9,5.5,15,22.2,119.4
242,2018-19,BOS*,NBA,82,49,33,0.598,4.44,-0.54,3.9,99.6,112.2,107.8,0.534,0.567,11.5,21.6,0.173,0.514,0.55,13.4,23,0.198,241.2,42.1,90.5,29.5,56,12.6,34.5,15.6,19.5,9.8,34.7,44.5,26.3,8.6,5.3,12.8,20.4,112.4,39.5,88.1,28,54.6,11.5,33.5,17.4,22.8,10.4,35.5,45.9,23.7,6.8,3.9,15.1,19.5,108
243,2018-19,BRK*,NBA,82,42,40,0.512,-0.07,-0.33,-0.4,100.8,109.6,109.7,0.52,0.556,13,23.8,0.211,0.512,0.548,11.6,23.6,0.19,243.7,40.3,89.7,27.5,53.6,12.8,36.2,19,25.5,11,35.6,46.6,23.8,6.6,4.1,15.1,21.5,112.2,42.2,92.5,31.9,62.1,10.3,30.3,17.6,22.8,11,35.2,46.2,23.7,7.8,5.3,13.5,22,112.3
244,2018-19,CHI,NBA,82,22,60,0.268,-8.41,0.1,-8.32,99,104.8,113.2,0.505,0.541,12.7,19.4,0.184,0.541,0.573,11.9,22.7,0.188,242.7,39.8,87.9,30.7,62,9.1,25.9,16.2,20.7,8.8,34.1,42.9,21.9,7.4,4.3,14.1,20.3,104.9,42.2,89.2,30.2,56.2,12.1,33,16.8,22,10,36.4,46.4,25.5,7.3,5.8,13.3,18.7,113.4
245,2018-19,CHO,NBA,82,39,43,0.476,-1.1,-0.22,-1.32,98.7,111.4,112.5,0.514,0.554,10.9,21.7,0.205,0.538,0.57,12.1,22.9,0.179,241.8,40.2,89.8,28.3,55.8,11.9,33.9,18.4,23.1,9.9,33.9,43.8,23.2,7.2,4.9,12.2,18.9,110.7,41.9,89.2,29.8,55.6,12.1,33.5,15.9,20.2,10.1,35.7,45.8,26,6.9,6,13.5,20.6,111.8
246,2018-19,CLE,NBA,82,19,63,0.232,-9.61,0.22,-9.39,96.6,107.7,117.6,0.503,0.54,12.2,23.7,0.187,0.564,0.593,11.5,23,0.181,240.9,38.9,87.6,28.6,58.5,10.3,29.1,16.4,20.7,10.7,31.9,42.7,20.7,6.5,2.4,13.5,20,104.5,43.2,87.2,31.2,55.6,12,31.6,15.8,20.5,9.5,34.6,44.1,25.7,6.9,5.6,12.5,19.4,114.1
247,2018-19,DAL,NBA,82,33,49,0.402,-1.28,0.42,-0.87,99,109.4,110.7,0.519,0.555,12.7,22.7,0.216,0.522,0.557,11.6,22.5,0.191,241.2,38.8,86.9,26.3,50.2,12.5,36.6,18.8,25.3,10.1,35.2,45.3,23.4,6.5,4.3,14.2,20.1,108.9,40.9,89.2,29.7,56.7,11.2,32.5,17.1,22,10.2,34.6,44.8,24.5,7.8,4.5,13,23.2,110.1
248,2018-19,DEN*,NBA,82,54,28,0.659,3.95,0.24,4.19,97.7,113,108.9,0.527,0.558,11.9,26.6,0.175,0.521,0.555,12.3,22,0.194,240.6,41.9,90,30.9,58.7,11,31.4,15.8,20.9,11.9,34.5,46.4,27.4,7.7,4.4,13.4,20,110.7,39.6,86.4,28.8,54.5,10.8,31.9,16.7,22.2,9.7,32.7,42.5,24.6,7.4,5,13.5,20.4,106.7
249,2018-19,DET*,NBA,82,41,41,0.5,-0.24,-0.31,-0.56,97.4,109,109.2,0.509,0.544,12.3,24.8,0.195,0.526,0.562,12.8,21.3,0.211,242.1,38.8,88.3,26.7,53.5,12.1,34.8,17.3,23.1,11.4,33.6,45,22.5,6.9,4,13.8,22.1,107,39.9,85,30.3,57.2,9.6,27.8,17.9,23.7,9.1,34.6,43.7,23.7,6.9,5.1,14.1,21.3,107.3
250,2018-19,GSW*,NBA,82,57,25,0.695,6.46,-0.04,6.42,100.9,115.9,109.5,0.565,0.596,12.6,22.5,0.182,0.508,0.546,11.7,22.9,0.205,241.5,44,89.8,30.8,55.3,13.3,34.4,16.3,20.4,9.7,36.5,46.2,29.4,7.6,6.4,14.3,21.4,117.7,40.4,91.1,28.8,57.5,11.6,33.6,18.7,24.2,10.8,33.5,44.3,24.3,7.7,3.6,13.5,19.5,111.2
251,2018-19,HOU*,NBA,82,53,29,0.646,4.77,0.19,4.96,97.9,115.5,110.7,0.542,0.581,12,22.8,0.221,0.525,0.562,13.4,25.6,0.21,241.8,39.2,87.4,23.1,42,16.1,45.4,19.3,24.4,10.2,31.9,42.1,21.2,8.5,4.9,13.3,22,113.9,40.4,86.7,30.3,56.9,10.1,29.8,18.2,23.7,11,34.5,45.4,23.5,7.4,4.5,15,20,109.1
252,2018-19,IND*,NBA,82,48,34,0.585,3.33,-0.57,2.76,98.1,109.9,106.5,0.53,0.561,12.4,21.9,0.182,0.516,0.549,14.1,23.8,0.184,240.3,41.3,87,31.8,61.6,9.5,25.4,15.8,21.1,9.3,33.7,43,26,8.7,4.9,13.7,19.4,108,38.7,86.1,27.4,54,11.4,32.1,15.8,21,10.5,33.1,43.7,24.5,7.4,5.2,15.7,20,104.7
253,2018-19,LAC*,NBA,82,48,34,0.585,0.85,0.23,1.09,101.7,112.4,111.5,0.529,0.575,12.7,22,0.258,0.514,0.555,11.4,24,0.224,241.8,41.3,87.5,31.3,61.7,10,25.8,22.6,28.5,9.7,35.8,45.5,24,6.8,4.7,14.5,23.3,115.1,41.7,91.3,31.4,61.1,10.4,30.2,20.5,26.3,11.3,34.5,45.7,24.1,8.3,6.1,13.2,24,114.3
254,2018-19,LAL,NBA,82,37,45,0.451,-1.72,0.39,-1.33,103.2,107.8,109.5,0.527,0.554,13.4,22.2,0.18,0.516,0.552,12.2,23.6,0.192,241.2,42.6,90.5,32.2,59.6,10.3,31,16.3,23.3,10.2,36.4,46.6,25.6,7.5,5.4,15.7,20.7,111.8,41.9,92.8,30.1,58.9,11.8,34,17.8,22.7,11.3,35.6,46.9,25,8.3,5.1,14.2,20.8,113.5
255,2018-19,MEM,NBA,82,33,49,0.402,-2.6,0.51,-2.08,96.6,106.1,108.8,0.508,0.548,12.9,20,0.21,0.521,0.563,13.9,22.4,0.232,242.4,38,84.4,28.1,55.6,9.9,28.9,17.7,23,8.8,33,41.8,23.9,8.3,5.5,14,22,103.5,37.6,83.4,26,51.2,11.6,32.2,19.3,24.7,9.5,35.2,44.7,23.4,7.6,4.9,15.2,21.4,106.1
256,2018-19,MIA,NBA,82,39,43,0.476,-0.23,-0.22,-0.45,98.2,107.3,107.6,0.515,0.542,13.1,24.8,0.172,0.51,0.547,12.7,22.4,0.201,240.6,39.6,88,28.3,55.6,11.3,32.4,15.1,21.7,11.2,35.1,46.3,24.3,7.6,5.5,14.7,20.9,105.7,38.3,86.8,26.4,53.6,11.9,33.1,17.5,22.7,10.1,34,44.2,23.3,7.5,4.7,14.1,20.1,105.9
257,2018-19,MIL*,NBA,82,60,22,0.732,8.87,-0.82,8.04,103.3,113.8,105.2,0.55,0.583,12,20.8,0.197,0.503,0.532,11.5,19.7,0.162,241.2,43.4,91.1,29.9,52.9,13.5,38.2,17.9,23.2,9.3,40.4,49.7,26,7.5,5.9,13.9,19.6,118.1,40.5,93.5,27.4,57.2,13.1,36.3,15.1,20.7,9.9,35.4,45.3,24.8,6.8,4.8,13.4,20.2,109.3
258,2018-19,MIN,NBA,82,36,46,0.439,-1.5,0.48,-1.02,100.2,111.4,112.9,0.511,0.552,11.4,24.6,0.21,0.538,0.571,12.9,25.1,0.19,241.8,41.6,91.3,31.5,62.5,10.1,28.7,19.1,24.3,11.3,33.5,44.8,24.6,8.3,5,13.1,20.3,112.5,42.1,90.1,29.4,56.5,12.7,33.6,17.1,22.3,11.2,34.4,45.6,26.2,6.6,5.5,14.7,21.9,114
259,2018-19,NOP,NBA,82,33,49,0.402,-1.33,0.23,-1.1,103.3,111.4,112.6,0.529,0.563,12.6,24.1,0.193,0.532,0.566,11.6,23.2,0.193,240.9,43.7,92.2,33.4,62.4,10.3,29.9,17.8,23.4,11.1,36.2,47.3,27,7.4,5.4,14.8,21.1,115.4,43.3,92.8,31,59.1,12.3,33.7,17.9,23.5,11,34.8,45.8,26.5,8.6,5.4,13.6,21,116.8
260,2018-19,NYK,NBA,82,17,65,0.207,-9.21,0.28,-8.93,99.6,104.5,113.7,0.49,0.529,12.4,22.1,0.205,0.533,0.568,11.7,23.9,0.203,241.2,38.2,88.3,28.2,58.8,10,29.5,18.1,23.9,10.5,34.3,44.7,20.1,6.8,5.1,14,20.9,104.6,41.9,89.7,30.1,57.1,11.8,32.6,18.2,23.8,10.7,36.8,47.5,25.6,7.4,5.6,13.2,20.8,113.8
261,2018-19,OKC*,NBA,82,49,33,0.598,3.4,0.15,3.56,102.8,110.3,107,0.514,0.545,11.7,26,0.19,0.523,0.56,14.4,21.8,0.206,242.1,42.6,94,31.3,61.3,11.4,32.6,17.8,25,12.6,35.5,48.1,23.4,9.3,5.2,14,22.4,114.5,40.8,88.7,29.5,57.1,11.2,31.6,18.3,24,9.9,35.8,45.7,24.9,8.2,5.1,16.7,22.5,111.1
262,2018-19,ORL*,NBA,82,42,40,0.512,0.71,-0.43,0.28,98.1,108.9,108.1,0.518,0.55,11.9,22,0.168,0.515,0.55,11.8,20.3,0.186,241.2,40.4,89.1,29,57,11.4,32.1,15,19.2,10,35.4,45.4,25.5,6.6,5.4,13.2,18.6,107.3,39.9,87.6,29.5,57.4,10.5,30.2,16.3,20.9,9,35.6,44.6,23.1,7,4.4,13,18.7,106.6
263,2018-19,PHI*,NBA,82,51,31,0.622,2.7,-0.44,2.25,101.6,112.6,110,0.532,0.574,12.9,24.5,0.241,0.512,0.55,11.1,21.4,0.206,241.5,41.5,88.2,30.7,58,10.8,30.2,21.2,27.5,10.9,36.9,47.8,26.9,7.4,5.3,14.9,21.3,115.2,41.7,91.5,31.4,61.5,10.3,30,18.8,24.5,10,33.5,43.5,23.4,7.7,4.1,12.7,22.1,112.5
264,2018-19,PHO,NBA,82,19,63,0.232,-9.34,0.73,-8.61,100.5,105.9,115.1,0.514,0.552,13.8,20.5,0.202,0.545,0.582,13.5,27.5,0.236,242.4,40.1,87.4,30.5,58.1,9.6,29.3,17.6,22.7,9.1,31.3,40.4,23.9,9,5.1,15.6,23.6,107.5,42.5,88.2,31.3,58.2,11.1,29.9,20.8,27.6,11.8,35.3,47.2,25.9,9,5,15.7,20.7,116.8
265,2018-19,POR*,NBA,82,53,29,0.646,4.2,0.24,4.43,99.1,114.7,110.5,0.528,0.568,12.1,26.6,0.21,0.516,0.552,11,22.1,0.195,242.1,42.3,90.6,31.3,59.8,11,30.7,19,23.3,11.8,36.2,48,23,6.7,5,13.8,20.4,114.7,41.1,90,30.4,60.3,10.7,29.8,17.5,22.8,10.3,32.6,42.8,23.2,7.4,5.1,12.4,20.7,110.5
266,2018-19,SAC,NBA,82,39,43,0.476,-1.12,0.31,-0.81,103.1,110.4,111.5,0.524,0.554,11.5,23.1,0.177,0.533,0.569,13.6,24.5,0.207,240.6,43.2,93.1,31.9,63.2,11.3,29.9,16.5,22.7,11,34.4,45.4,25.4,8.3,4.4,13.4,21.4,114.2,42.3,90.6,30.2,56,12,34.6,18.8,24.4,11.2,36.8,48,24.7,7.5,5.1,15.9,21.4,115.3
267,2018-19,SAS*,NBA,82,48,34,0.585,1.68,0.12,1.8,98.3,112.9,111.2,0.534,0.572,11,21,0.194,0.528,0.558,11,20.6,0.17,241.5,42.3,88.4,32.4,63.1,9.9,25.3,17.2,21,9.2,35.5,44.7,24.5,6.1,4.7,12.1,18.1,111.7,41.5,89.7,29.8,57,11.7,32.7,15.2,20.2,9.2,34.7,43.9,24.7,7.2,4,12.2,19.6,110
268,2018-19,TOR*,NBA,82,58,24,0.707,6.09,-0.6,5.49,100.2,113.1,107.1,0.543,0.579,12.4,21.9,0.198,0.509,0.545,13.1,22.9,0.19,242.4,42.2,89.1,29.8,55.3,12.4,33.8,17.7,22,9.6,35.6,45.2,25.4,8.3,5.3,14,21,114.4,40.3,89.7,29.5,58.5,10.8,31.2,17.1,22.3,10.6,34.2,44.8,24.5,7.6,4.5,14.9,20.5,108.4
269,2018-19,UTA*,NBA,82,50,32,0.61,5.26,0.03,5.28,100.3,110.9,105.7,0.538,0.572,13.4,22.9,0.217,0.507,0.542,12.4,19.7,0.189,240.9,40.4,86.4,28.3,52.4,12.1,34,18.8,25.5,10,36.4,46.4,26,8.1,5.9,15.1,21.1,111.7,40,88.5,30.1,60.7,9.8,27.7,16.7,22.2,8.9,33.7,42.6,21.6,8.5,4.6,13.9,22.4,106.5
270,2018-19,WAS,NBA,82,32,50,0.39,-2.9,-0.4,-3.3,101.4,111.1,113.9,0.531,0.567,12.3,21.3,0.204,0.546,0.581,13.5,25.9,0.199,243,42.1,90.1,30.8,56.8,11.3,33.3,18.4,23.9,9.7,32.7,42.4,26.3,8.3,4.6,14.1,20.7,114,43.4,90.5,31.3,57.7,12.1,32.8,18,23.1,11.4,35.8,47.3,26.2,7.7,4.6,15.8,21.2,116.9
271,2019-20,ATL,NBA,67,20,47,0.299,-7.97,0.27,-7.71,103,107.2,114.8,0.515,0.554,13.8,21.6,0.204,0.543,0.582,12.7,25.1,0.233,243,40.6,90.6,28.6,54.5,12,36.1,18.5,23.4,9.9,33.4,43.3,24,7.8,5.1,16.2,23.1,111.8,43.3,90.7,31.4,58,11.9,32.7,21.2,27.4,11.2,35.9,47,25,9,6.4,15,21,119.7
272,2019-20,BOS*,NBA,72,48,24,0.667,6.31,-0.47,5.83,99.5,113.3,107,0.531,0.57,12.2,23.9,0.207,0.509,0.549,13.5,22.6,0.215,242.1,41.3,89.6,28.7,55,12.6,34.5,18.6,23.2,10.7,35.4,46.1,23,8.3,5.6,13.8,21.6,113.7,38.4,87.1,26.6,52.3,11.8,34.8,18.8,24.5,10.3,34,44.3,22.4,7.1,5.5,15.2,20.7,107.3
273,2019-20,BRK*,NBA,72,35,37,0.486,-0.57,-0.44,-1.01,101.4,108.9,109.5,0.52,0.554,13.1,23.2,0.199,0.511,0.546,11,22.2,0.187,242.8,40.4,90.3,27.3,52.1,13.1,38.1,17.9,24.1,10.6,37.3,47.9,24.5,6.4,4.5,15.3,21,111.8,41.4,92.9,29.2,58.1,12.2,34.8,17.4,22.6,10.6,35.3,45.9,22.6,7.7,5.3,12.8,21.1,112.3
274,2019-20,CHI,NBA,65,22,43,0.338,-3.08,-0.93,-4,99.7,106.7,109.8,0.515,0.547,13.7,22.8,0.175,0.546,0.585,16.3,24.4,0.239,241.2,39.6,88.6,27.4,53.5,12.2,35.1,15.5,20.5,10.5,31.4,41.9,23.2,10,4.1,15.5,21.8,106.8,39.5,82.5,28.3,50.9,11.2,31.6,19.7,26,10.2,35.4,45.5,25.4,8.2,5.9,18.3,19.2,109.9
275,2019-20,CHO,NBA,65,23,42,0.354,-6.75,-0.28,-7.03,95.8,106.3,113.3,0.504,0.539,13.3,23.9,0.188,0.546,0.573,13.1,25.6,0.159,242.3,37.3,85.9,25.2,51.6,12.1,34.3,16.2,21.6,11,31.8,42.8,23.8,6.6,4.1,14.6,18.8,102.9,41.7,87.5,29.3,52.5,12.4,35.1,14,18.4,10.9,35,46,26.6,8,5,14.4,20.6,109.6
276,2019-20,CLE,NBA,65,19,46,0.292,-7.89,0.12,-7.77,98.7,107.5,115.4,0.522,0.553,14.6,24.6,0.172,0.56,0.587,11.7,22.6,0.164,241.9,40.3,87.9,29.1,56.1,11.2,31.8,15.1,19.9,10.8,33.4,44.2,23.1,6.9,3.2,16.5,18.3,106.9,43.9,89.4,31.5,56.4,12.4,33,14.7,19.2,9.7,33.1,42.9,26.1,9.4,6.3,13,19.6,114.8
277,2019-20,DAL*,NBA,75,43,32,0.573,4.95,-0.07,4.87,99.3,116.7,111.7,0.545,0.581,11.2,23.2,0.206,0.525,0.556,10.6,22.3,0.175,242.3,41.7,90.3,26.5,49,15.1,41.3,18.6,23.8,10.5,36.4,46.9,24.7,6.1,4.8,12.7,19.5,117,41.9,91.6,29.7,56.7,12.3,34.9,16,21,10.4,35,45.4,23.9,7,4.1,11.9,21.3,112.1
278,2019-20,DEN*,NBA,73,46,27,0.63,2.11,0.24,2.35,97.1,113.1,111,0.535,0.567,12.3,24.8,0.183,0.533,0.567,12.9,23.2,0.198,243.1,42,88.9,31.1,58.3,11,30.6,16.2,20.9,10.8,33.4,44.1,26.7,8,4.6,13.8,20.3,111.3,40,86.5,27.9,52.6,12.1,33.9,17.1,22.5,10.1,32.6,42.6,25.4,7.2,4.4,14.3,20.5,109.2
279,2019-20,DET,NBA,66,20,46,0.303,-3.56,-0.82,-4.38,97.6,109,112.7,0.529,0.561,13.8,22.6,0.194,0.541,0.574,12.7,24.1,0.186,241.9,39.3,85.7,27.3,53,12,32.7,16.6,22.4,9.8,32,41.7,24.1,7.4,4.5,15.3,19.7,107.2,41.9,87.3,31.3,57.8,10.7,29.6,16.2,20.9,10.1,33.4,43.5,24.6,8.2,5.6,14,19.8,110.8
280,2019-20,GSW,NBA,65,15,50,0.231,-8.71,0.59,-8.12,100.3,105.2,113.8,0.497,0.54,13.2,21.5,0.212,0.553,0.586,13.7,23.6,0.193,241.9,38.6,88.2,28.2,56.9,10.4,31.3,18.7,23.2,10,32.9,42.8,25.6,8.2,4.6,14.9,20.1,106.3,42.2,88.6,28.7,53.8,13.5,34.8,17.1,21.9,10.2,36.3,46.5,26.1,8.2,4.9,15.6,20.1,115
281,2019-20,HOU*,NBA,72,44,28,0.611,2.96,0.17,3.13,103.7,112.9,110.1,0.537,0.578,12.6,21,0.228,0.529,0.563,13.7,24.4,0.197,241.4,40.8,90.4,25.1,45.2,15.6,45.3,20.6,26.1,9.8,34.5,44.3,21.6,8.7,5.2,14.7,21.8,117.8,42.3,91.5,30.1,56.5,12.2,35,18,23.7,11.2,36.7,47.9,25.3,8,4.9,16.2,21,114.8
282,2019-20,IND*,NBA,73,45,28,0.616,1.96,-0.33,1.63,98.9,110,108,0.534,0.565,12,20,0.17,0.511,0.548,13,23.3,0.192,241.4,42.1,88.5,31.9,60.4,10.2,28,15,19.1,8.7,34.1,42.8,25.9,7.4,5.2,13.2,19.8,109.4,39.5,88.5,28,54.8,11.5,33.6,17,21.6,10.4,34.9,45.2,23.1,6.9,4.6,14.7,18.8,107.5
283,2019-20,LAC*,NBA,72,49,23,0.681,6.44,0.21,6.66,101.5,113.9,107.6,0.535,0.577,12.6,23.5,0.233,0.506,0.544,12.2,22.4,0.206,241.4,41.6,89.2,29.1,55.8,12.4,33.5,20.8,26.3,10.7,37,47.7,23.7,7.1,4.7,14.6,22.1,116.3,39.5,90.2,27.2,54.6,12.3,35.6,18.5,24.5,10.7,34.6,45.3,23.7,7.5,4.7,14.1,22.9,109.9
284,2019-20,LAL*,NBA,71,52,19,0.732,5.79,0.49,6.28,100.9,112,106.3,0.542,0.573,13.3,24.5,0.201,0.515,0.554,14.1,21.2,0.205,240.7,42.3,88.3,31.3,56.7,11,31.6,17.7,24.3,10.7,35.1,45.7,25.4,8.6,6.6,15.2,20.7,113.4,39.1,87.1,27.4,53.7,11.6,33.4,17.9,22.9,9.4,32.9,42.3,23.4,8.2,3.7,15.9,21.7,107.6
285,2019-20,MEM,NBA,73,34,39,0.466,-1.07,0.16,-0.91,102.8,109.2,110.3,0.528,0.561,13.2,23,0.183,0.521,0.561,12.7,22.2,0.217,240.7,42.5,90.9,31.6,59.4,10.9,31.5,16.6,21.8,10.3,36.2,46.5,26.9,7.9,5.5,15.2,21.2,112.6,40.6,90.3,27.7,55,12.9,35.3,19.6,25,10.4,34.5,44.9,24.8,8,5.3,14.8,20.2,113.7
286,2019-20,MIA*,NBA,73,44,29,0.603,2.95,-0.35,2.59,98.3,112.5,109.5,0.547,0.587,13.5,20.3,0.234,0.523,0.562,12.6,20.5,0.213,243.1,39.5,84.4,26,49,13.4,35.4,19.7,25.2,8.5,35.9,44.4,25.9,7.5,4.5,14.9,20.6,112,38.8,86.7,25.7,48.9,13.1,37.7,18.4,23.6,9.2,33.3,42.5,24.6,7.5,4.1,14,21.7,109.1
287,2019-20,MIL*,NBA,73,56,17,0.767,10.08,-0.67,9.41,105.1,112.4,102.9,0.552,0.583,12.9,20.7,0.201,0.489,0.525,12,18.4,0.178,241,43.3,90.9,29.5,52,13.8,38.9,18.3,24.7,9.5,42.2,51.7,25.9,7.2,5.9,15.1,19.6,118.7,38.9,94,25,54.7,14,39.3,16.7,21.2,9.5,36.3,45.8,24.2,7.4,4.5,14.1,21.7,108.6
288,2019-20,MIN,NBA,64,19,45,0.297,-4.3,0.28,-4.02,103.4,108.1,112.2,0.514,0.551,13,22.1,0.209,0.541,0.579,13.2,22.8,0.218,243.1,40.4,91.6,27.1,52,13.3,39.7,19.1,25.4,10.5,34.3,44.8,23.8,8.7,5.7,15.3,21.4,113.3,43.1,90.4,31.6,58.5,11.6,31.9,19.7,25.2,10.1,37.2,47.3,24.4,7.8,5.5,15.5,21.6,117.5
289,2019-20,NOP,NBA,72,30,42,0.417,-1.29,0.74,-0.55,103.7,110.7,111.9,0.539,0.568,13.9,24.2,0.186,0.532,0.57,12.4,22.2,0.212,242.1,42.6,91.6,28.9,54.8,13.6,36.9,17.1,23.4,11.1,35.4,46.5,26.8,7.5,5,16.4,21.2,115.8,42.7,91.8,30.5,58,12.2,33.9,19.4,24.7,10.1,34.7,44.8,24.5,8.5,4.8,14.5,21.1,117.1
290,2019-20,NYK,NBA,66,21,45,0.318,-6.45,-0.26,-6.72,98.6,106.5,113,0.501,0.531,12.6,25.8,0.182,0.541,0.577,12.4,21.7,0.224,241.9,40,89.3,30.4,61,9.6,28.4,16.3,23.5,12,34.5,46.5,22.1,7.6,4.7,14.3,22.2,105.8,39.9,86,26.6,51.1,13.3,34.9,19.2,25.7,9.6,34.6,44.2,24.3,7.2,5,13.7,19.8,112.3
291,2019-20,OKC*,NBA,72,44,28,0.611,1.99,0.34,2.33,98.8,110.8,108.8,0.53,0.573,12.4,19.3,0.231,0.518,0.552,12.6,23.2,0.173,242.1,40,85.5,29.3,55.3,10.7,30.2,19.8,24.8,8.2,34.7,42.9,21.7,7.6,4.9,13.7,19.3,110.4,40.8,89.6,29.5,56.4,11.3,33.3,15.5,19.6,10.5,34.3,44.8,23,7,4,14.2,22.8,108.4
292,2019-20,ORL*,NBA,73,33,40,0.452,-1.01,0.09,-0.93,98.6,108.5,109.5,0.506,0.544,11.5,22.3,0.198,0.535,0.566,13.2,20.9,0.176,240.7,39.3,88.6,28.3,56.4,11.1,32.2,17.6,22.7,10.3,34.2,44.5,23.9,8.2,5.4,12.8,18.3,107.3,40.4,86.9,28.2,53.3,12.2,33.6,15.3,19.8,9,35.8,44.9,24.7,7,4.6,14.6,19.5,108.3
293,2019-20,PHI*,NBA,73,43,30,0.589,2.38,-0.13,2.25,99,111.3,109,0.534,0.566,12.7,23.9,0.193,0.523,0.56,12.5,19.7,0.214,241,41.1,87.9,29.5,56.3,11.6,31.6,16.9,22.4,10.5,35,45.4,25.8,8,5.3,14.2,20.9,110.7,39.8,86,29.4,56.5,10.4,29.4,18.4,24.5,8.6,33.2,41.8,22.8,7,4,13.8,20.5,108.4
294,2019-20,PHO,NBA,73,34,39,0.466,0.22,0.35,0.56,101.3,111.7,111.4,0.532,0.576,13,22.2,0.226,0.539,0.578,13.7,21.2,0.221,241,41.2,88.1,29.8,56.3,11.4,31.8,19.9,23.8,9.8,33.8,43.5,27.2,7.7,4,14.8,22,113.6,41.2,87.4,29.6,55.4,11.6,32,19.3,24.5,9.1,34.2,43.3,23.6,7.9,5.5,15.6,22.6,113.4
295,2019-20,POR*,NBA,74,35,39,0.473,-1.15,0.54,-0.61,100.7,113.7,114.8,0.533,0.57,11.2,22.4,0.194,0.53,0.566,11.2,24.7,0.208,241,42.2,91.2,29.3,57.1,12.9,34.1,17.7,22.1,10.2,35.1,45.3,20.6,6.3,6.1,12.8,21.7,115,41.8,91.6,28.2,56.2,13.6,35.4,19.1,24.7,11.5,35.4,46.9,24.9,6.8,4.9,12.9,20.1,116.1
296,2019-20,SAC,NBA,72,31,41,0.431,-2.04,0.46,-1.59,98.9,110.2,112.2,0.534,0.566,13,21.9,0.177,0.543,0.583,13.6,21.6,0.225,242.4,40.9,88.4,28.2,53.5,12.7,34.9,15.7,20.3,9.7,32.9,42.6,23.8,7.7,4.1,14.5,22.2,110.1,40.3,85.5,27.8,50.7,12.4,34.8,19.2,24.3,9.1,34.5,43.5,24.9,7.7,4.2,15.2,19.5,112.1
297,2019-20,SAS,NBA,71,32,39,0.451,-1.11,0.46,-0.65,100.5,112.4,113.5,0.531,0.572,11.2,20.1,0.212,0.542,0.576,11.7,20.8,0.193,242.5,42.2,89.4,31.5,61,10.7,28.5,19,23.4,9,35.6,44.6,24.7,7.3,5.5,12.6,19.4,114.1,42.3,90.2,29.2,55.1,13.1,35.1,17.4,22.5,9.4,35.9,45.3,25.7,6.8,4.3,13.2,20.1,115.2
298,2019-20,TOR*,NBA,72,53,19,0.736,6.24,-0.26,5.97,100.9,111.1,105,0.536,0.574,13.1,21.3,0.21,0.502,0.541,14.6,23.3,0.202,241.4,40.2,87.9,26.4,50.9,13.8,37,18.5,23.2,9.5,35.9,45.4,25.2,8.8,5,14.8,21.7,112.8,37.8,88.3,24.7,49.5,13.1,38.9,17.8,23.2,10.9,35.1,46.1,25.6,7.2,5.5,16.8,20.4,106.5
299,2019-20,UTA*,NBA,72,44,28,0.611,2.47,0.05,2.52,98.6,112.3,109.9,0.549,0.585,13.7,21.6,0.208,0.518,0.552,11.1,21.1,0.185,241,40.1,85.1,26.7,49.9,13.4,35.2,17.8,22.8,9.1,35.8,44.9,22.4,6.1,4.1,15.1,20.4,111.3,40.7,89.1,29.7,58.1,11,31,16.5,21.5,9.6,33.1,42.7,21.5,7.9,4.6,12.3,20.8,108.8
300,2019-20,WAS,NBA,72,25,47,0.347,-4.67,-0.57,-5.24,102.7,110.9,115.5,0.523,0.562,12.2,22.2,0.213,0.558,0.596,13.9,24.7,0.231,241,41.5,90.9,29.5,58.3,12,32.6,19.4,24.6,10.2,31.9,42,25,8,4.3,14.2,22.7,114.4,43.1,88.4,30.7,55.2,12.4,33.1,20.4,26.3,10.5,35.7,46.2,25.2,7.5,5,16.2,22.2,119.1
301,2020-21,ATL*,NBA,72,41,31,0.569,2.32,-0.18,2.14,97.6,115.7,113.3,0.539,0.581,11.9,24.4,0.226,0.53,0.566,11.1,22.2,0.19,241.7,40.8,87.2,28.4,53.9,12.4,33.4,19.7,24.2,10.6,35.1,45.6,24.1,7,4.8,13.2,19.3,113.7,41.3,89.1,29.3,55,11.9,34.2,16.9,21.1,10,32.7,42.7,24.4,7.7,5,12.3,19.8,111.4
302,2020-21,BOS*,NBA,72,36,36,0.5,1.46,-0.14,1.32,98.3,114,112.5,0.543,0.574,12.5,24.3,0.181,0.539,0.577,12.8,21.9,0.215,241.4,41.5,88.9,27.9,52.5,13.6,36.4,16.1,20.8,10.6,33.6,44.3,23.5,7.7,5.3,14.1,20.4,112.6,39.9,86,27.1,51.6,12.8,34.3,18.5,23.5,9.4,33.1,42.5,24.1,7.4,4.6,14.1,19.3,111.2
303,2020-21,BRK*,NBA,72,48,24,0.667,4.5,-0.27,4.24,99.5,118.3,113.8,0.575,0.61,12.2,21.4,0.208,0.531,0.565,11.1,22.7,0.187,241.7,43.1,87.3,29,51.2,14.2,36.1,18.1,22.5,8.9,35.5,44.4,26.8,6.7,5.3,13.5,19,118.6,41.9,91.3,28.7,55.1,13.2,36.2,17.1,22,10.5,32.6,43.1,24,7.6,4.6,12.6,18.9,114.1
304,2020-21,CHI,NBA,72,31,41,0.431,-0.89,-0.05,-0.94,99,111.1,112,0.547,0.575,13.6,22.3,0.156,0.538,0.572,11.6,19.7,0.196,241.4,42.2,88.6,29.6,54.6,12.6,34,13.8,17.5,9.6,35.3,45,26.8,6.7,4.2,15.1,18.9,110.7,41.4,87.7,29.9,55.3,11.5,32.3,17.2,22.2,8.7,33.5,42.1,24.1,8.5,5.1,12.7,17.7,111.6
305,2020-21,CHO,NBA,72,33,39,0.458,-1.93,-0.01,-1.94,98.3,110.9,112.8,0.532,0.564,13.3,23.5,0.181,0.55,0.576,13.2,24.3,0.163,241,39.9,87.8,26.3,50.8,13.7,37,15.9,20.9,10.6,33.2,43.8,26.8,7.8,4.8,14.8,18,109.5,41.3,88.1,26.8,48.6,14.5,39.5,14.4,19.3,10.6,34.5,45.2,27.1,8.1,4.8,14.8,18.6,111.4
306,2020-21,CLE,NBA,72,22,50,0.306,-8.44,0.25,-8.19,97.3,105.8,114.4,0.508,0.543,13.9,23.6,0.194,0.556,0.587,13,23.4,0.183,242.1,38.6,85.8,28.6,56,10,29.7,16.7,22.4,10.4,32.3,42.8,23.8,7.8,4.5,15.5,18.2,103.8,42,86.7,29.6,54.3,12.4,32.4,15.9,20.4,9.9,33.8,43.7,25.4,8.5,5.9,14.3,20.2,112.3
307,2020-21,DAL*,NBA,72,42,30,0.583,2.26,-0.01,2.26,97.3,115.4,113,0.55,0.582,11.1,21.1,0.189,0.534,0.568,11.5,22.2,0.197,240.3,41.1,87.3,27.3,49.2,13.8,38.1,16.5,21.2,9.1,34.2,43.3,22.9,6.3,4.3,12.1,19.4,112.4,40.1,87.1,27.2,51.8,12.8,35.2,17.2,22.5,9.8,34.2,43.9,22.7,7.3,3.7,12.6,20.1,110.2
308,2020-21,DEN*,NBA,72,47,25,0.653,4.93,-0.11,4.82,97.1,117.1,112.1,0.557,0.588,12.1,24.7,0.176,0.545,0.579,12.9,21.1,0.2,242.8,43.3,89.2,30.4,55,12.9,34.2,15.7,19.5,10.5,33.9,44.4,26.8,8.1,4.5,13.5,19.1,115.1,40,85.4,27.1,49.7,13,35.7,17.1,22.1,9.1,32.1,41.2,25.9,7.5,4.5,14.1,19.2,110.1
309,2020-21,DET,NBA,72,20,52,0.278,-4.47,0.09,-4.38,97.9,108,112.5,0.519,0.556,13.5,21.9,0.207,0.541,0.574,12.6,23.1,0.195,242.1,38.7,85.6,27.1,52.7,11.6,32.9,17.8,23.4,9.6,33.1,42.7,24.2,7.4,5.2,14.9,20.5,106.6,41.4,86.9,30,55.6,11.3,31.4,17,22.3,10,34.4,44.3,24.8,8,5.8,13.9,20.4,111.1
310,2020-21,GSW,NBA,72,39,33,0.542,1.06,0.04,1.1,102.2,111.1,110.1,0.551,0.583,13.3,17.9,0.188,0.522,0.562,13.1,23.4,0.223,240.3,41.3,88.2,26.7,49.4,14.6,38.7,16.6,21.1,8,35.1,43,27.7,8.2,4.8,15,21.2,113.7,40.2,89,27.9,54.5,12.4,34.5,19.8,25.5,10.7,36.6,47.3,23.8,7.9,4.3,15,19.5,112.7
311,2020-21,HOU,NBA,72,17,55,0.236,-7.9,0.4,-7.5,101.4,107.1,114.9,0.521,0.553,13,19.8,0.187,0.555,0.589,12.9,22.9,0.201,240.3,39.3,88.5,25.5,47.9,13.8,40.6,16.5,22.3,9.3,33.3,42.6,23.6,7.6,5,14.7,19.5,108.8,42.7,89,29.3,53.9,13.4,35.2,17.9,22.8,9.9,37.7,47.6,25.8,8.5,5.3,14.7,19.3,116.7
312,2020-21,IND,NBA,72,34,38,0.472,-0.04,-0.08,-0.13,101.6,112.4,112.4,0.542,0.575,11.9,20.2,0.18,0.531,0.567,12.7,25.1,0.201,242.4,43.3,91.2,30.9,57.3,12.3,34,16.4,20.7,9,33.7,42.7,27.4,8.5,6.4,13.5,20.2,115.3,42.7,91.3,31.2,59.9,11.5,31.5,18.4,23.5,11.3,35.5,46.8,26.1,7.4,5.3,14.8,18.1,115.3
313,2020-21,LAC*,NBA,72,47,25,0.653,6.18,-0.16,6.02,96.9,117.6,111.2,0.564,0.599,12.2,22.7,0.186,0.531,0.564,11.9,20.9,0.186,240,41.8,86.7,27.5,52,14.3,34.7,16.2,19.3,9.4,34.7,44.2,24.4,7.1,4.1,13.2,19.2,114,40.1,86.4,28.5,53.9,11.6,32.5,16.1,20.7,9.2,32,41.2,22.9,7.1,4.2,12.8,18.1,107.8
314,2020-21,LAL*,NBA,72,42,30,0.583,2.79,-0.03,2.77,98.7,109.9,107.1,0.536,0.569,13.6,22.5,0.2,0.526,0.559,13.7,20.3,0.184,242.4,40.6,86.1,29.6,54.8,11.1,31.2,17.2,23.3,9.7,34.6,44.2,24.7,7.8,5.4,15.2,19.1,109.5,39.8,86.4,28.4,54.2,11.4,32.2,15.9,20.5,8.8,33.2,42,24.7,8.2,4.5,15.2,21.3,106.8
315,2020-21,MEM*,NBA,72,38,34,0.528,1.03,0.04,1.07,100.4,112,111,0.528,0.56,11.6,24.2,0.179,0.535,0.57,13.1,21.7,0.196,241.7,42.8,91.8,31.7,60.4,11.2,31.4,16.4,21.3,11.2,35.3,46.5,26.9,9.1,5.1,13.3,18.7,113.3,41,88.7,28.2,53.6,12.9,35.1,17.4,22.1,9.8,34.9,44.7,25.4,7.7,5.2,14.8,18.3,112.3
316,2020-21,MIA*,NBA,72,40,32,0.556,0.03,-0.09,-0.06,96.6,111.2,111.2,0.546,0.581,13.1,19.4,0.199,0.542,0.575,13.8,22.1,0.183,241.4,39.2,83.7,26.3,47.5,12.9,36.2,16.7,21.1,8,33.5,41.5,26.3,7.9,4,14.1,18.9,108.1,39.1,85.2,24.8,46.2,14.3,39.1,15.6,19.9,9.5,33.4,42.9,25.8,7.5,4,15.1,19.6,108
317,2020-21,MIL*,NBA,72,46,26,0.639,5.89,-0.32,5.57,102.2,117.2,111.4,0.566,0.593,12,23.3,0.177,0.536,0.565,11.5,20.3,0.157,240.7,44.7,91.8,30.3,54.7,14.4,37.1,16.2,21.4,10.3,37.8,48.1,25.5,8.1,4.6,13.8,17.3,120.1,42.4,92.9,27.6,54.3,14.8,38.6,14.6,18.8,9.6,33.8,43.4,25.1,7,4.8,13.2,18.3,114.2
318,2020-21,MIN,NBA,72,23,49,0.319,-5.56,0.31,-5.25,101.6,109.5,115,0.52,0.555,12.4,22.7,0.193,0.556,0.591,13.3,23.2,0.207,241.7,40.7,90.9,27.6,53.3,13.1,37.6,17.6,23.1,10.5,33,43.5,25.6,8.8,5.5,14.3,20.9,112.1,43,89.3,29.9,55.8,13.1,33.5,18.5,23.5,10,35.8,45.8,26.8,7.6,5.5,15.3,19.9,117.7
319,2020-21,NOP,NBA,72,31,41,0.431,-0.29,0.1,-0.2,100.1,113.5,113.8,0.537,0.57,12.7,26.3,0.214,0.55,0.583,11.9,20,0.186,242.1,42.5,89.1,31.9,58.6,10.6,30.4,19,26.1,11.7,35.7,47.4,26,7.6,4.4,14.6,18,114.6,41.9,89.3,27.4,51.2,14.5,38.1,16.6,21.1,8.9,32.9,41.8,25.9,7.7,5.9,13.3,21.3,114.9
320,2020-21,NYK*,NBA,72,41,31,0.569,2.31,-0.18,2.13,95.9,110.6,108.2,0.524,0.559,11.9,21.9,0.19,0.509,0.545,11.7,21.4,0.196,242.1,39.4,86.5,27.7,56.4,11.8,30,16.4,20.9,9.7,35.5,45.1,21.4,7,5.1,12.9,20.5,107,37.9,86.2,25.9,50.6,12,35.6,16.9,22.2,9.7,34.4,44.1,23.6,6.6,5.4,12.8,17.9,104.7
321,2020-21,OKC,NBA,72,22,50,0.306,-10.64,0.51,-10.13,101,103.5,114,0.509,0.539,14.2,21.2,0.176,0.547,0.576,11.5,22.1,0.167,241,38.8,88,26.9,52.9,11.9,35.1,15.5,21.3,9.9,35.7,45.6,22.1,7,4.4,16.1,18.1,105,43.4,91.7,29.8,54.4,13.6,37.3,15.3,19.8,10.1,37,47.1,25.8,9,5.3,13.1,18.6,115.6
322,2020-21,ORL,NBA,72,21,51,0.292,-9.31,0.29,-9.02,98.7,105.1,114.5,0.49,0.527,11.5,21.6,0.186,0.547,0.577,11.5,21.8,0.169,240.7,38.3,89.2,27.4,57.4,10.9,31.8,16.6,21.4,10.4,35.1,45.4,21.8,6.9,4.4,12.8,17.2,104,42.2,89.7,28.5,52.9,13.7,36.8,15.2,19.3,9.8,37.6,47.4,26,7.6,5.3,12.7,18.7,113.3
323,2020-21,PHI*,NBA,72,49,23,0.681,5.58,-0.31,5.28,99.5,113.2,107.6,0.541,0.579,12.8,23.2,0.225,0.521,0.557,13.8,21.8,0.2,242.1,41.4,86.9,30.1,56.8,11.3,30.1,19.6,25.5,10,35,45.1,23.7,9.1,6.2,14.4,20.2,113.6,39.4,86.9,27.5,53.9,11.9,33,17.4,22.8,9.8,33.2,42.9,23.5,7.2,4.7,15.6,21,108.1
324,2020-21,PHO*,NBA,72,51,21,0.708,5.82,-0.15,5.67,97.2,117.2,111.3,0.564,0.597,11.5,20.8,0.177,0.534,0.568,12.4,21.5,0.194,242.8,43.3,88.3,30.3,53.7,13.1,34.6,15.6,18.7,8.8,34.2,42.9,26.9,7.2,4.3,12.5,19.1,115.3,40.5,86.8,28.9,54,11.6,32.8,16.8,21.7,9.4,33.3,42.7,22.9,6.9,3.6,13.6,18,109.5
325,2020-21,POR*,NBA,72,42,30,0.583,1.79,0.01,1.81,98.4,117.8,116,0.54,0.577,9.9,23,0.195,0.546,0.582,11.2,22.5,0.203,240.3,41.3,91.1,25.6,50.3,15.7,40.8,17.8,21.6,10.6,33.9,44.5,21.3,6.9,5,11.1,18.9,116.1,41.8,88.3,28.9,53.6,12.9,34.6,17.9,22.8,9.9,35.5,45.4,24.9,6.1,4.6,12.4,19.1,114.3
326,2020-21,SAC,NBA,72,31,41,0.431,-3.68,0.23,-3.45,100,113.6,117.2,0.549,0.578,12,21.3,0.185,0.557,0.591,12.1,25,0.199,240.3,42.6,88.6,30.5,55.3,12.1,33.3,16.4,22,9.4,32,41.4,25.5,7.5,5,13.4,19.4,113.7,43.6,89.4,31.2,56.8,12.4,32.6,17.8,22.7,10.7,34.6,45.2,25.3,7.6,4.7,13.7,18.7,117.4
327,2020-21,SAS,NBA,72,33,39,0.458,-1.74,0.15,-1.58,98.9,111,112.8,0.517,0.554,10.2,20,0.192,0.541,0.57,11.8,22.7,0.174,242.8,41.9,90.5,31.9,62.1,9.9,28.4,17.4,22,9.3,34.6,43.9,24.4,7,5.1,11.4,18,111.1,42.4,89.8,30.1,57.2,12.3,32.6,15.7,20.7,10.2,37.2,47.4,24.8,6.3,5.1,13.2,18.6,112.8
328,2020-21,TOR,NBA,72,27,45,0.375,-0.47,-0.07,-0.54,99.2,112,112.5,0.529,0.567,11.9,20.8,0.196,0.543,0.584,14.4,23.7,0.234,240.3,39.7,88.7,25.3,49.3,14.5,39.3,17.4,21.3,9.4,32.1,41.6,24.1,8.6,5.4,13.2,21.2,111.3,39,84.7,25.1,48,13.9,36.7,19.8,24.8,10,35.9,45.9,26,6.6,5.6,16.1,19.5,111.7
329,2020-21,UTA*,NBA,72,52,20,0.722,9.25,-0.29,8.97,98.5,117.6,108.3,0.563,0.597,12.7,24.5,0.195,0.507,0.537,10.3,20.7,0.159,241,41.3,88.1,24.5,45.1,16.7,43,17.2,21.5,10.6,37.6,48.3,23.7,6.6,5.2,14.2,18.5,116.4,40.9,91.4,30,59.6,10.9,31.8,14.5,18.9,9.8,32.8,42.6,22.3,7.7,3.9,11.5,19,107.2
330,2020-21,WAS*,NBA,72,34,38,0.472,-1.83,-0.01,-1.85,104.1,111.2,113,0.531,0.569,12.3,21.3,0.221,0.539,0.576,12.5,22.4,0.217,241.7,43.2,90.9,33,61.9,10.2,29,20.1,26.2,9.7,35.5,45.2,25.5,7.3,4.1,14.4,21.6,116.6,43.1,91.6,30.7,57.9,12.4,33.7,19.8,25.4,10.3,35.8,46.1,24.5,8.2,4.8,14.7,22,118.5