rank,team,age,wins,losses,pw,pl,mov,sos,srs,ortg,drtg,nrtg,pace,ftr,3par,ts%,efg%,tov%,orb%,ft/fga,efg%.1,tov%.1,drb%,ft/fga.1,attend.,attend./g,season
1,SAS,29,58,24,63,19,7.76,0.16,7.92,106.6,98.0,8.6,89.6,0.374,0.175,0.541,0.496,13.6,27.1,0.267,0.444,12.9,73.7,0.182,913176.0,22273.0,2001
2,SAC,27,55,27,57,25,5.82,0.25,6.07,105.6,99.6,6.0,94.4,0.298,0.194,0.529,0.484,13.4,27.2,0.23,0.46,14.5,70.7,0.181,709997.0,17317.0,2001
3,UTA,32,53,29,55,27,4.7,0.31,5.0,107.6,102.4,5.2,89.8,0.363,0.135,0.546,0.497,15.1,30.2,0.273,0.473,15.6,73.2,0.301,792196.0,19322.0,2001
4,PHI,28,56,26,54,28,4.28,-0.65,3.64,103.6,98.9,4.7,90.6,0.351,0.124,0.518,0.468,14.7,31.2,0.262,0.46,14.5,72.5,0.186,805692.0,19651.0,2001
5,POR,30,50,32,53,29,4.2,0.33,4.52,106.5,101.8,4.7,89.1,0.296,0.165,0.539,0.497,14.8,30.0,0.225,0.47,14.3,72.4,0.223,831376.0,20277.0,2001
6,DAL,26,53,29,53,29,4.28,0.32,4.61,107.1,102.6,4.5,93.2,0.291,0.202,0.544,0.498,13.1,24.1,0.231,0.467,14.2,70.7,0.244,680238.0,16591.0,2001
7,MIL,28,52,30,52,30,3.88,-0.74,3.14,108.8,104.6,4.2,92.1,0.276,0.218,0.542,0.499,12.8,28.1,0.217,0.473,14.4,71.1,0.253,683125.0,16662.0,2001
8,LAL,29,56,26,51,31,3.38,0.37,3.74,108.4,104.8,3.6,91.7,0.349,0.191,0.535,0.498,13.3,31.1,0.238,0.468,12.2,72.5,0.234,776336.0,18935.0,2001
9,NYK,29,48,34,50,32,2.63,-0.65,1.98,101.2,98.2,3.0,86.7,0.279,0.18,0.523,0.476,14.6,24.2,0.222,0.453,14.7,74.3,0.24,810283.0,19763.0,2001
10,MIA,30,50,32,48,34,2.29,-0.57,1.73,101.1,98.5,2.6,87.1,0.299,0.221,0.515,0.469,13.7,24.3,0.227,0.46,15.3,72.7,0.214,678186.0,16541.0,2001
11,TOR,29,47,35,48,34,2.26,-0.57,1.69,105.9,103.4,2.5,90.9,0.285,0.167,0.51,0.468,12.1,30.8,0.213,0.476,13.3,73.2,0.212,793256.0,19348.0,2001
12,HOU,26,45,37,48,34,2.29,0.42,2.71,106.7,104.2,2.5,90.4,0.321,0.217,0.538,0.492,14.0,27.5,0.244,0.475,12.6,71.9,0.206,518555.0,12648.0,2001
13,CHA,28,46,36,48,34,2.1,-0.65,1.45,101.8,99.5,2.3,89.4,0.33,0.151,0.506,0.457,13.7,29.8,0.246,0.456,14.1,74.5,0.222,615424.0,15010.0,2001
14,PHX,28,51,31,48,34,2.21,0.42,2.63,100.3,98.0,2.3,93.1,0.292,0.156,0.506,0.46,14.1,27.3,0.221,0.46,16.3,73.7,0.252,737586.0,17990.0,2001
15,MIN,27,47,35,45,37,1.35,0.46,1.81,105.2,103.7,1.5,91.8,0.253,0.131,0.523,0.482,13.0,28.6,0.199,0.478,14.2,71.9,0.238,717371.0,17497.0,2001
16,ORL,26,43,39,44,38,0.99,-0.6,0.39,103.2,102.1,1.1,93.2,0.301,0.196,0.513,0.474,13.8,29.1,0.215,0.464,15.6,69.8,0.29,605031.0,14757.0,2001
17,OKC,27,44,38,41,41,0.02,0.52,0.55,105.6,105.6,0.0,91.6,0.299,0.176,0.53,0.491,14.3,29.1,0.219,0.488,13.9,69.8,0.199,640847.0,15630.0,2001
18,IND,27,41,41,40,42,-0.2,-0.57,-0.77,102.0,102.2,-0.2,89.4,0.312,0.18,0.519,0.471,14.5,27.0,0.239,0.452,12.8,71.4,0.235,731800.0,17849.0,2001
19,DET,27,32,50,36,46,-1.7,-0.39,-2.08,100.0,101.8,-1.8,94.7,0.325,0.162,0.498,0.453,14.2,29.3,0.234,0.466,14.0,72.2,0.233,607323.0,14813.0,2001
20,BOS,25,36,46,35,47,-2.13,-0.26,-2.4,101.4,103.7,-2.3,92.6,0.338,0.252,0.521,0.473,14.7,25.3,0.25,0.493,16.0,72.7,0.256,629201.0,15346.0,2001
21,DEN,27,40,42,34,48,-2.46,0.64,-1.83,103.7,106.3,-2.6,92.6,0.286,0.21,0.511,0.47,12.8,28.3,0.211,0.476,12.1,71.8,0.223,619300.0,15105.0,2001
22,LAC,24,31,51,32,50,-2.89,0.66,-2.23,101.3,104.5,-3.2,89.6,0.319,0.164,0.514,0.476,14.9,28.3,0.221,0.466,12.0,71.1,0.217,601587.0,14673.0,2001
23,CLE,26,30,52,28,54,-4.24,-0.23,-4.48,100.3,104.9,-4.6,91.2,0.312,0.101,0.509,0.459,15.4,29.7,0.239,0.477,14.1,71.1,0.248,650775.0,15873.0,2001
24,BKN,27,26,56,26,56,-5.05,-0.25,-5.3,100.0,105.5,-5.5,91.8,0.328,0.165,0.504,0.452,13.9,25.7,0.249,0.488,14.9,70.0,0.258,556573.0,13575.0,2001
25,ATL,26,25,57,26,56,-5.21,-0.34,-5.55,98.7,104.3,-5.6,91.9,0.272,0.14,0.5,0.456,15.5,28.9,0.206,0.472,13.8,70.8,0.249,560330.0,13667.0,2001
26,MEM,26,23,59,25,57,-5.73,0.79,-4.94,99.6,105.8,-6.2,91.7,0.289,0.145,0.51,0.464,14.9,26.1,0.223,0.491,13.8,69.8,0.194,563218.0,13737.0,2001
27,WAS,27,19,63,23,59,-6.67,-0.08,-6.75,100.6,107.8,-7.2,92.7,0.348,0.131,0.514,0.46,15.7,29.7,0.264,0.503,14.1,71.8,0.236,638653.0,15577.0,2001
28,GSW,26,17,65,17,65,-9.05,0.94,-8.11,97.8,107.4,-9.6,94.1,0.282,0.134,0.47,0.429,13.9,33.3,0.199,0.504,15.0,69.7,0.227,591981.0,14439.0,2001
29,CHI,23,15,67,16,66,-9.1,0.01,-9.09,97.2,107.3,-10.1,89.3,0.298,0.148,0.495,0.45,15.1,26.6,0.22,0.499,14.3,70.3,0.254,888654.0,21674.0,2001
1,SAC,27,61,21,61,21,7.61,0.0,7.61,109.0,101.1,7.9,95.6,0.308,0.166,0.539,0.497,12.4,27.9,0.231,0.467,13.6,71.7,0.185,709997.0,17317.0,2002
2,LAL,27,58,24,60,22,7.12,0.03,7.15,109.4,101.7,7.7,92.1,0.313,0.21,0.534,0.498,11.8,28.8,0.218,0.453,13.0,72.0,0.233,778777.0,18995.0,2002
3,SAS,28,58,24,59,23,6.21,0.07,6.28,106.5,99.7,6.8,90.0,0.353,0.19,0.539,0.492,13.8,27.2,0.262,0.453,13.7,71.9,0.189,906390.0,22107.0,2002
4,BKN,26,52,30,53,29,4.16,-0.49,3.67,104.0,99.5,4.5,91.8,0.28,0.175,0.515,0.476,13.4,29.2,0.206,0.459,14.9,71.6,0.213,564194.0,13761.0,2002
5,DAL,27,57,25,53,29,4.26,0.16,4.41,112.2,107.7,4.5,92.8,0.288,0.237,0.553,0.507,11.3,26.1,0.232,0.485,12.9,70.7,0.239,802783.0,19580.0,2002
6,MIN,26,50,32,51,31,3.38,0.2,3.58,109.0,105.3,3.7,90.5,0.255,0.152,0.532,0.49,12.5,31.3,0.203,0.482,12.7,73.7,0.218,731673.0,17846.0,2002
7,POR,29,49,33,50,32,2.99,0.22,3.21,107.4,104.0,3.4,89.3,0.285,0.198,0.528,0.485,13.5,31.8,0.218,0.489,14.2,73.3,0.202,797821.0,19459.0,2002
8,OKC,26,45,37,50,32,3.02,0.22,3.24,108.9,105.6,3.3,89.0,0.25,0.193,0.54,0.505,13.2,29.4,0.189,0.485,14.5,68.1,0.206,633516.0,15452.0,2002
9,BOS,26,49,33,48,34,2.21,-0.46,1.75,103.4,101.0,2.4,92.5,0.291,0.289,0.52,0.476,12.8,24.1,0.223,0.464,15.1,72.9,0.245,659751.0,16091.0,2002
10,DET,29,50,32,48,34,2.13,-0.45,1.69,104.8,102.4,2.4,90.0,0.31,0.24,0.54,0.497,14.3,24.4,0.235,0.474,14.8,70.5,0.206,760807.0,18556.0,2002
11,PHI,29,43,39,46,36,1.6,-0.33,1.27,102.1,100.3,1.8,88.9,0.327,0.111,0.507,0.452,14.6,31.7,0.255,0.46,14.2,72.1,0.208,842976.0,20560.0,2002
12,ORL,28,44,38,46,36,1.57,-0.32,1.25,107.0,105.3,1.7,93.2,0.278,0.241,0.533,0.493,12.6,26.3,0.21,0.486,14.4,69.2,0.215,621121.0,15149.0,2002
13,UTA,29,44,38,44,38,0.89,0.32,1.21,105.6,104.6,1.0,90.3,0.381,0.132,0.529,0.472,15.4,33.5,0.291,0.484,15.9,71.7,0.286,766108.0,18686.0,2002
14,CHA,28,44,38,44,38,0.96,-0.4,0.57,104.3,103.3,1.0,89.7,0.32,0.151,0.513,0.466,13.3,30.6,0.238,0.465,13.3,72.2,0.226,462738.0,11286.0,2002
15,IND,26,42,40,42,40,0.27,-0.34,-0.07,104.1,103.8,0.3,91.9,0.328,0.182,0.527,0.477,14.2,27.0,0.253,0.469,13.2,71.0,0.227,686537.0,16745.0,2002
16,MIL,28,41,41,40,42,-0.22,-0.4,-0.62,106.9,107.1,-0.2,90.2,0.269,0.241,0.544,0.507,13.6,25.6,0.201,0.477,12.0,70.9,0.217,745305.0,18178.0,2002
17,LAC,24,39,43,40,42,-0.46,0.38,-0.09,105.5,106.0,-0.5,90.1,0.304,0.172,0.519,0.476,13.8,31.3,0.225,0.477,12.1,69.9,0.194,740185.0,18053.0,2002
18,TOR,29,42,40,40,42,-0.44,-0.27,-0.71,102.6,103.1,-0.5,88.8,0.255,0.165,0.501,0.463,13.6,31.4,0.189,0.471,14.7,70.1,0.237,810160.0,19760.0,2002
19,PHX,26,36,46,39,43,-0.68,0.39,-0.3,103.3,104.0,-0.7,91.4,0.235,0.158,0.51,0.472,13.6,30.1,0.18,0.476,14.4,70.2,0.227,668939.0,16316.0,2002
20,WAS,27,37,45,37,45,-1.4,-0.17,-1.58,104.8,106.4,-1.6,88.3,0.28,0.118,0.508,0.464,12.5,30.7,0.214,0.484,13.0,71.4,0.214,847634.0,20674.0,2002
21,MIA,30,36,46,36,46,-1.54,-0.31,-1.84,98.5,100.2,-1.7,87.4,0.268,0.141,0.501,0.463,14.6,26.6,0.194,0.455,13.6,74.0,0.249,655549.0,15989.0,2002
22,CLE,26,29,53,31,51,-3.33,-0.19,-3.52,104.6,108.2,-3.6,90.3,0.301,0.156,0.524,0.477,13.8,28.9,0.232,0.493,12.3,72.8,0.226,596115.0,14539.0,2002
23,NYK,30,30,52,29,53,-3.99,-0.16,-4.15,101.5,105.9,-4.4,89.7,0.274,0.206,0.514,0.468,14.0,25.6,0.216,0.479,12.9,71.9,0.236,810283.0,19763.0,2002
24,ATL,25,33,49,29,53,-4.23,-0.18,-4.41,101.8,106.4,-4.6,91.9,0.294,0.181,0.517,0.471,14.6,27.5,0.225,0.495,14.1,70.9,0.218,506110.0,12344.0,2002
25,HOU,25,28,54,27,55,-4.89,0.58,-4.31,103.1,108.6,-5.5,88.2,0.286,0.223,0.507,0.465,13.4,29.0,0.211,0.491,11.5,69.8,0.178,481227.0,11737.0,2002
26,GSW,24,21,61,26,56,-5.4,0.61,-4.8,102.8,108.5,-5.7,94.5,0.335,0.142,0.499,0.452,14.7,35.3,0.242,0.488,12.9,69.4,0.232,593182.0,14468.0,2002
27,DEN,28,27,55,24,58,-5.82,0.63,-5.19,101.4,107.8,-6.4,90.4,0.256,0.187,0.495,0.455,13.6,30.6,0.19,0.492,13.6,69.9,0.245,633846.0,15460.0,2002
28,MEM,25,23,59,20,62,-7.44,0.7,-6.74,98.2,106.3,-8.1,91.1,0.288,0.168,0.501,0.462,15.4,27.8,0.204,0.486,13.7,68.0,0.197,591030.0,14415.0,2002
29,CHI,25,21,61,18,64,-8.54,0.02,-8.52,98.2,107.6,-9.4,90.5,0.302,0.134,0.499,0.456,14.6,26.6,0.218,0.497,13.7,71.4,0.239,776311.0,18934.0,2002
1,DAL,28,60,22,62,20,7.78,0.12,7.9,110.7,102.3,8.4,92.5,0.257,0.239,0.543,0.498,10.9,25.4,0.213,0.473,14.8,70.9,0.221,816429.0,19913.0,2003
2,SAC,28,59,23,59,23,6.5,0.18,6.68,105.9,99.1,6.8,95.4,0.262,0.184,0.535,0.499,13.3,25.6,0.196,0.446,13.6,70.6,0.204,709997.0,17317.0,2003
3,SAS,28,60,22,57,25,5.41,0.23,5.65,105.6,99.7,5.9,90.0,0.348,0.202,0.541,0.497,15.1,28.8,0.253,0.453,14.2,71.3,0.199,735970.0,17950.0,2003
4,BKN,27,49,33,56,26,5.22,-0.8,4.42,103.8,98.1,5.7,91.6,0.333,0.158,0.518,0.468,13.8,28.7,0.252,0.46,15.7,73.1,0.225,622574.0,15185.0,2003
5,DET,29,50,32,52,30,3.68,-0.71,2.97,104.1,99.9,4.2,86.8,0.322,0.237,0.523,0.473,13.3,25.9,0.248,0.461,13.9,74.0,0.225,839278.0,20470.0,2003
6,IND,25,48,34,51,31,3.49,-0.7,2.79,104.6,100.8,3.8,91.6,0.344,0.169,0.522,0.469,13.7,29.0,0.263,0.458,14.3,72.3,0.228,670461.0,16353.0,2003
7,POR,29,50,32,49,33,2.61,0.36,2.97,105.5,102.6,2.9,89.4,0.3,0.177,0.531,0.489,14.5,30.2,0.223,0.483,14.9,72.3,0.194,796258.0,19421.0,2003
8,UTA,30,47,35,48,34,2.39,0.37,2.76,105.5,102.8,2.7,89.3,0.38,0.104,0.537,0.486,16.0,32.5,0.283,0.468,15.2,70.2,0.256,786034.0,19172.0,2003
9,LAL,28,50,32,48,34,2.33,0.38,2.71,107.2,104.7,2.5,92.5,0.311,0.199,0.528,0.486,13.3,30.2,0.228,0.477,13.4,72.7,0.241,777888.0,18973.0,2003
10,PHI,28,48,34,48,34,2.3,-0.55,1.76,105.0,102.5,2.5,91.4,0.339,0.119,0.52,0.466,13.7,30.3,0.263,0.488,16.2,72.7,0.243,807097.0,19685.0,2003
11,MIN,28,51,31,47,35,2.07,0.39,2.46,106.1,103.8,2.3,91.9,0.268,0.118,0.528,0.488,12.9,28.2,0.206,0.472,12.7,72.9,0.203,643684.0,15700.0,2003
12,NOP,29,47,35,47,35,2.11,-0.59,1.52,103.9,101.6,2.3,89.4,0.285,0.161,0.511,0.465,13.9,31.7,0.219,0.464,14.0,73.1,0.226,641683.0,15651.0,2003
13,HOU,25,43,39,46,36,1.48,0.42,1.89,104.3,102.6,1.7,88.8,0.316,0.196,0.522,0.474,14.8,30.3,0.243,0.462,12.6,72.4,0.209,565166.0,13785.0,2003
14,PHX,25,44,38,44,38,1.13,0.43,1.57,103.7,102.5,1.2,91.5,0.285,0.17,0.514,0.473,13.7,29.7,0.211,0.47,14.8,70.3,0.222,666559.0,16258.0,2003
15,ORL,26,42,40,41,41,0.13,-0.53,-0.39,105.2,105.0,0.2,93.1,0.307,0.235,0.526,0.478,13.3,27.0,0.239,0.486,15.1,71.1,0.25,605901.0,14778.0,2003
16,MIL,29,42,40,42,40,0.23,-0.48,-0.24,108.8,108.6,0.2,90.4,0.287,0.229,0.543,0.5,12.2,25.6,0.222,0.494,13.5,69.9,0.237,665966.0,16243.0,2003
17,OKC,26,40,42,41,41,-0.12,0.49,0.37,103.7,103.9,-0.2,88.0,0.27,0.196,0.512,0.472,12.8,28.1,0.201,0.484,14.3,71.8,0.21,637194.0,15541.0,2003
18,BOS,26,44,38,40,42,-0.39,-0.36,-0.75,101.2,101.6,-0.4,90.9,0.306,0.331,0.514,0.47,13.4,23.6,0.227,0.471,15.1,72.5,0.242,709049.0,17294.0,2003
19,WAS,28,37,45,38,44,-1.01,-0.46,-1.47,103.0,104.1,-1.1,88.2,0.325,0.127,0.513,0.46,13.0,27.3,0.253,0.477,13.8,71.6,0.212,827093.0,20173.0,2003
20,GSW,24,38,44,38,44,-1.13,0.54,-0.6,108.3,109.5,-1.2,94.2,0.343,0.178,0.526,0.472,13.9,35.0,0.267,0.482,12.2,67.9,0.22,634935.0,15486.0,2003
21,NYK,30,37,45,37,45,-1.35,-0.26,-1.61,104.7,106.2,-1.5,90.7,0.241,0.235,0.528,0.486,13.4,24.4,0.196,0.485,13.7,71.8,0.261,779479.0,19012.0,2003
22,MEM,24,28,54,32,50,-3.23,0.63,-2.6,103.9,107.3,-3.4,92.7,0.287,0.19,0.526,0.487,14.2,27.0,0.212,0.491,13.4,68.7,0.197,611322.0,14910.0,2003
23,ATL,27,35,47,31,51,-3.56,-0.31,-3.87,102.3,106.1,-3.8,91.0,0.313,0.177,0.527,0.476,15.7,27.9,0.248,0.469,12.1,70.4,0.222,528655.0,12894.0,2003
24,LAC,25,27,55,29,53,-4.12,0.68,-3.45,102.3,106.8,-4.5,91.3,0.335,0.182,0.516,0.467,14.8,29.1,0.252,0.481,13.1,70.2,0.222,706471.0,17231.0,2003
25,CHI,25,30,52,27,55,-5.13,-0.17,-5.31,100.2,105.6,-5.4,93.5,0.3,0.148,0.512,0.471,15.4,27.7,0.217,0.47,13.3,69.5,0.263,804309.0,19617.0,2003
26,MIA,26,25,57,25,57,-5.05,-0.08,-5.13,96.7,102.4,-5.7,87.8,0.259,0.169,0.483,0.439,13.8,26.8,0.198,0.47,14.1,73.9,0.257,628242.0,15323.0,2003
27,TOR,27,24,58,24,58,-5.87,-0.23,-6.1,100.5,107.0,-6.5,89.9,0.282,0.179,0.497,0.458,13.6,28.2,0.203,0.489,13.1,70.7,0.226,777507.0,18964.0,2003
28,DEN,24,17,65,17,65,-8.28,0.87,-7.41,92.2,101.3,-9.1,91.0,0.283,0.126,0.469,0.428,17.1,31.3,0.198,0.477,16.5,73.3,0.29,607813.0,14825.0,2003
29,CLE,23,17,65,16,66,-9.62,0.04,-9.59,96.5,106.7,-10.2,94.0,0.298,0.133,0.491,0.444,16.4,31.0,0.223,0.484,13.0,73.2,0.252,471374.0,11497.0,2003
1,SAS,27,57,25,62,20,7.22,0.29,7.51,102.2,94.1,8.1,89.2,0.322,0.177,0.511,0.473,14.1,29.5,0.219,0.433,14.8,74.6,0.215,739706.0,18042.0,2004
2,DET,27,54,28,59,23,5.84,-0.81,5.04,102.0,95.4,6.6,87.9,0.328,0.153,0.511,0.461,14.7,30.1,0.247,0.441,15.5,71.8,0.202,872902.0,21290.0,2004
3,IND,27,61,21,58,24,5.76,-0.82,4.93,103.8,97.2,6.6,87.5,0.319,0.203,0.52,0.471,14.1,28.5,0.243,0.459,15.7,73.9,0.218,678326.0,16545.0,2004
4,MIN,29,58,24,57,25,5.49,0.37,5.86,105.9,99.7,6.2,89.0,0.265,0.137,0.528,0.486,12.4,26.7,0.207,0.444,12.9,72.5,0.215,723071.0,17636.0,2004
5,SAC,29,55,27,55,27,5.01,0.4,5.41,110.3,104.9,5.4,92.8,0.305,0.223,0.554,0.507,13.0,26.0,0.242,0.483,13.7,69.8,0.193,709997.0,17317.0,2004
6,DAL,27,52,30,53,29,4.44,0.42,4.86,112.1,107.4,4.7,93.2,0.256,0.201,0.536,0.495,11.1,31.4,0.204,0.498,13.9,71.6,0.214,825594.0,20136.0,2004
7,LAL,29,56,26,52,30,3.9,0.45,4.35,105.5,101.3,4.2,92.3,0.352,0.167,0.522,0.481,12.8,28.1,0.244,0.471,14.3,73.3,0.222,777757.0,18970.0,2004
8,BKN,27,47,35,49,33,2.5,-0.63,1.88,100.8,98.0,2.8,89.4,0.291,0.176,0.515,0.471,14.4,25.9,0.219,0.46,15.7,73.9,0.221,613051.0,14952.0,2004
9,MEM,26,50,32,48,34,2.44,0.52,2.95,104.8,102.2,2.6,91.4,0.322,0.197,0.522,0.479,13.9,29.5,0.234,0.465,15.7,68.4,0.251,622723.0,15188.0,2004
10,HOU,28,45,37,47,35,1.73,0.55,2.28,100.9,99.0,1.9,87.8,0.286,0.227,0.528,0.484,16.4,26.5,0.221,0.447,13.1,74.5,0.233,640794.0,15629.0,2004
11,DEN,25,43,39,44,38,1.07,0.58,1.65,103.9,102.7,1.2,93.3,0.319,0.146,0.517,0.467,14.2,30.5,0.245,0.481,15.6,69.3,0.221,721476.0,17597.0,2004
12,MIL,26,41,41,44,38,1.06,-0.64,0.42,106.5,105.4,1.1,91.6,0.33,0.172,0.528,0.477,12.7,27.6,0.255,0.485,13.3,71.8,0.213,690180.0,16834.0,2004
13,MIA,26,42,40,43,39,0.52,-0.65,-0.13,102.2,101.7,0.5,88.0,0.298,0.211,0.51,0.463,13.5,27.4,0.227,0.463,14.5,73.4,0.26,624809.0,15239.0,2004
14,NOP,30,41,41,41,41,-0.1,-0.62,-0.72,102.3,102.4,-0.1,89.1,0.293,0.252,0.505,0.46,14.1,30.6,0.22,0.476,15.0,71.3,0.218,587613.0,14332.0,2004
15,OKC,26,37,45,39,43,-0.63,0.66,0.02,107.3,108.0,-0.7,89.9,0.27,0.294,0.54,0.501,13.9,27.2,0.207,0.487,13.9,68.5,0.237,625474.0,15154.0,2004
16,GSW,28,37,45,39,43,-0.73,0.66,-0.07,103.0,103.8,-0.8,89.8,0.311,0.197,0.517,0.475,14.1,28.4,0.226,0.476,13.3,72.1,0.211,665648.0,16235.0,2004
17,POR,27,41,41,37,45,-1.27,0.69,-0.58,103.7,105.1,-1.4,86.2,0.267,0.17,0.515,0.478,14.4,31.2,0.195,0.482,13.3,70.0,0.186,684038.0,16684.0,2004
18,UTA,24,42,40,37,45,-1.22,0.69,-0.53,101.9,103.3,-1.4,86.6,0.356,0.127,0.509,0.456,16.1,34.1,0.266,0.468,15.4,72.4,0.319,785330.0,19154.0,2004
19,BOS,26,36,46,37,45,-1.45,-0.54,-1.99,102.1,103.7,-1.6,93.2,0.327,0.249,0.532,0.486,15.4,25.2,0.245,0.479,15.7,69.5,0.24,664248.0,16201.0,2004
20,NYK,29,39,43,36,46,-1.48,-0.49,-1.97,101.7,103.3,-1.6,89.5,0.266,0.171,0.518,0.474,15.1,28.0,0.211,0.461,13.2,72.8,0.259,785739.0,19164.0,2004
21,PHI,27,33,49,33,49,-2.49,-0.46,-2.95,99.1,101.9,-2.8,88.0,0.321,0.158,0.505,0.456,15.5,28.2,0.242,0.467,14.7,70.7,0.231,788128.0,19223.0,2004
22,CLE,24,35,47,33,49,-2.62,-0.44,-3.07,101.4,104.2,-2.8,90.8,0.301,0.116,0.498,0.451,13.7,31.1,0.226,0.469,12.3,73.0,0.221,749790.0,18288.0,2004
23,TOR,27,33,49,31,51,-3.01,-0.4,-3.42,97.0,100.4,-3.4,86.8,0.26,0.204,0.495,0.454,14.1,23.8,0.195,0.449,14.1,70.1,0.241,750608.0,18308.0,2004
24,PHX,24,29,53,30,52,-3.74,0.8,-2.94,101.4,105.5,-4.1,92.6,0.28,0.18,0.515,0.475,14.3,26.6,0.209,0.482,14.7,69.9,0.24,670385.0,16351.0,2004
25,LAC,24,28,54,28,54,-4.59,0.84,-3.74,103.5,108.5,-5.0,91.0,0.35,0.156,0.512,0.453,15.0,32.8,0.275,0.494,12.9,70.0,0.231,665396.0,16143.0,2004
26,ATL,26,28,54,28,54,-4.65,-0.36,-5.0,101.0,106.1,-5.1,90.8,0.303,0.191,0.514,0.465,15.4,28.6,0.235,0.476,13.1,70.5,0.234,565728.0,13798.0,2004
27,WAS,24,25,57,25,57,-5.63,-0.48,-6.12,98.8,104.8,-6.0,92.2,0.337,0.194,0.5,0.454,16.0,30.7,0.241,0.486,14.9,69.5,0.214,645363.0,15741.0,2004
28,CHI,26,23,59,23,59,-6.35,-0.33,-6.69,96.6,103.4,-6.8,92.2,0.272,0.186,0.486,0.446,14.9,28.1,0.197,0.469,14.1,71.4,0.253,809177.0,19736.0,2004
29,ORL,25,21,61,22,60,-7.02,-0.23,-7.25,102.7,110.4,-7.7,90.8,0.296,0.184,0.504,0.461,12.8,28.1,0.218,0.502,12.7,68.7,0.214,589144.0,14369.0,2004
1,SAS,28,59,23,63,19,7.8,0.03,7.84,107.5,98.8,8.7,88.9,0.329,0.216,0.534,0.492,13.2,29.1,0.238,0.452,14.7,73.6,0.236,750970.0,18316.0,2005
2,PHX,25,62,20,59,23,7.12,-0.04,7.08,114.5,107.1,7.4,95.9,0.296,0.289,0.571,0.534,12.4,27.5,0.222,0.478,12.0,68.3,0.176,726066.0,17709.0,2005
3,MIA,28,59,23,59,23,6.52,-0.76,5.77,110.2,103.1,7.1,90.8,0.387,0.198,0.559,0.524,13.1,27.0,0.26,0.46,12.4,74.1,0.242,815143.0,19882.0,2005
4,DAL,27,58,24,57,25,5.74,0.11,5.86,110.3,104.1,6.2,92.7,0.346,0.19,0.545,0.492,12.5,28.6,0.273,0.472,14.3,70.2,0.239,822533.0,20062.0,2005
5,HOU,29,51,31,53,29,4.04,0.23,4.27,106.2,101.7,4.5,88.8,0.309,0.237,0.534,0.486,13.5,26.3,0.242,0.459,12.9,74.5,0.245,663444.0,16182.0,2005
6,DET,27,54,28,53,29,3.87,-0.55,3.31,105.6,101.2,4.4,87.2,0.335,0.164,0.519,0.472,13.3,31.2,0.247,0.461,13.5,73.0,0.207,905116.0,22076.0,2005
7,OKC,26,52,30,48,34,2.29,0.3,2.59,112.2,109.6,2.6,87.9,0.328,0.281,0.546,0.495,13.0,32.4,0.259,0.496,12.9,71.3,0.249,675490.0,16475.0,2005
8,MEM,26,45,37,48,34,2.29,0.34,2.64,105.5,102.9,2.6,88.5,0.323,0.237,0.535,0.489,14.3,27.1,0.243,0.466,15.4,69.9,0.27,691362.0,16862.0,2005
9,SAC,27,50,32,47,35,2.16,0.4,2.56,110.5,108.2,2.3,93.0,0.287,0.2,0.541,0.496,12.0,28.8,0.226,0.493,13.3,69.0,0.214,709997.0,17317.0,2005
10,DEN,26,49,33,47,35,2.02,0.2,2.23,106.0,103.9,2.1,93.5,0.35,0.142,0.535,0.483,13.8,28.4,0.267,0.482,15.1,71.7,0.247,723949.0,17657.0,2005
11,MIN,29,44,38,45,37,1.45,0.28,1.73,108.2,106.6,1.6,89.1,0.275,0.173,0.534,0.489,12.7,28.6,0.219,0.472,11.2,71.4,0.208,704438.0,17181.0,2005
12,CHI,25,47,35,44,38,1.06,-0.41,0.65,101.4,100.3,1.1,92.4,0.311,0.217,0.517,0.471,15.5,28.4,0.233,0.454,14.4,72.6,0.262,828384.0,20204.0,2005
13,BOS,27,45,37,43,39,0.87,-0.52,0.35,107.5,106.6,0.9,93.3,0.357,0.192,0.551,0.501,14.7,27.2,0.273,0.481,14.2,70.1,0.274,656081.0,16002.0,2005
14,CLE,26,42,40,43,39,0.79,-0.52,0.27,106.6,105.7,0.9,89.7,0.325,0.135,0.518,0.47,13.0,32.5,0.244,0.485,14.1,71.5,0.248,784249.0,19128.0,2005
15,IND,28,44,38,43,39,0.76,-0.27,0.49,105.5,104.6,0.9,87.2,0.358,0.255,0.534,0.476,14.1,26.4,0.283,0.472,13.6,71.3,0.261,696764.0,16994.0,2005
16,WAS,25,45,37,40,42,-0.33,-0.38,-0.71,107.2,107.5,-0.3,93.3,0.364,0.22,0.523,0.474,12.9,31.1,0.264,0.498,14.6,70.0,0.23,705069.0,17197.0,2005
17,PHI,26,43,39,39,43,-0.74,-0.33,-1.07,103.5,104.3,-0.8,94.9,0.326,0.216,0.528,0.475,14.2,25.4,0.257,0.485,15.4,72.7,0.267,732686.0,17870.0,2005
18,LAC,25,37,45,39,43,-0.77,0.3,-0.47,105.5,106.4,-0.9,89.1,0.357,0.105,0.533,0.477,14.9,30.3,0.278,0.48,13.0,71.3,0.235,696181.0,16980.0,2005
19,BKN,27,42,40,36,46,-1.5,-0.32,-1.82,101.4,103.1,-1.7,89.1,0.318,0.187,0.512,0.463,13.7,25.5,0.242,0.479,15.2,73.2,0.278,618681.0,15090.0,2005
20,TOR,27,33,49,36,46,-1.62,-0.19,-1.81,106.9,108.7,-1.8,92.7,0.316,0.253,0.539,0.492,12.5,23.7,0.244,0.499,13.4,71.1,0.24,703388.0,17156.0,2005
21,GSW,26,34,48,35,47,-2.16,0.42,-1.74,104.7,106.9,-2.2,93.3,0.278,0.252,0.512,0.475,12.3,27.8,0.201,0.491,13.9,69.7,0.227,670368.0,16350.0,2005
22,ORL,26,36,46,35,47,-2.24,-0.27,-2.52,104.9,107.3,-2.4,94.7,0.35,0.137,0.529,0.478,14.6,29.9,0.265,0.484,13.2,71.3,0.255,597942.0,14584.0,2005
23,NYK,27,33,49,34,48,-2.44,-0.28,-2.72,106.2,108.9,-2.7,90.7,0.312,0.188,0.531,0.485,13.8,28.3,0.239,0.501,13.8,71.2,0.265,800144.0,19516.0,2005
24,MIL,26,30,52,32,50,-2.99,-0.1,-3.09,106.6,109.8,-3.2,90.8,0.339,0.141,0.527,0.475,13.0,29.0,0.261,0.499,12.4,72.0,0.233,637009.0,15537.0,2005
25,LAL,26,34,48,33,49,-2.96,0.64,-2.32,108.1,111.4,-3.3,90.8,0.322,0.273,0.535,0.485,13.4,29.5,0.251,0.493,11.0,71.1,0.218,770494.0,18793.0,2005
26,POR,27,27,55,29,53,-4.0,0.55,-3.45,103.2,107.7,-4.5,89.8,0.303,0.181,0.524,0.484,15.2,29.6,0.219,0.479,12.6,67.7,0.204,680374.0,16594.0,2005
27,UTA,25,26,56,29,53,-4.27,0.53,-3.74,104.7,109.5,-4.8,88.4,0.361,0.121,0.522,0.469,15.0,31.9,0.273,0.499,14.2,72.3,0.34,769014.0,18756.0,2005
28,CHA,24,18,64,24,58,-5.99,-0.16,-6.15,101.1,107.5,-6.4,92.3,0.306,0.128,0.497,0.455,13.3,29.5,0.217,0.497,14.7,70.9,0.269,591701.0,14432.0,2005
29,NOP,27,18,64,21,61,-7.07,0.78,-6.3,99.7,107.7,-8.0,87.6,0.279,0.201,0.493,0.446,14.2,29.1,0.214,0.491,13.9,70.7,0.261,583070.0,14221.0,2005
30,ATL,26,13,69,16,66,-9.71,0.09,-9.62,100.6,111.1,-10.5,91.4,0.299,0.146,0.504,0.464,14.9,30.7,0.212,0.513,14.0,72.1,0.289,586390.0,14302.0,2005
1,SAS,29,63,19,61,21,6.82,-0.13,6.69,107.3,99.6,7.7,88.5,0.298,0.215,0.546,0.513,13.6,26.0,0.209,0.457,13.5,74.2,0.22,770677.0,18797.0,2006
2,DET,28,64,18,60,22,6.67,-0.44,6.24,110.8,103.1,7.7,86.8,0.297,0.221,0.535,0.497,11.2,28.9,0.216,0.477,13.7,71.2,0.191,905116.0,22076.0,2006
3,DAL,27,60,22,58,24,6.07,-0.11,5.96,111.8,105.0,6.8,87.8,0.364,0.175,0.55,0.495,13.1,31.8,0.285,0.475,13.7,72.2,0.257,824693.0,20114.0,2006
4,PHX,27,54,28,55,27,5.55,-0.07,5.48,111.5,105.8,5.7,95.8,0.206,0.293,0.568,0.537,12.2,22.1,0.166,0.49,13.2,72.1,0.2,730179.0,17809.0,2006
5,MEM,28,49,33,52,30,3.7,0.05,3.74,105.9,101.6,4.3,86.3,0.339,0.258,0.537,0.496,13.9,25.8,0.241,0.469,14.7,72.0,0.237,647533.0,15793.0,2006
6,MIA,29,52,30,52,30,3.87,-0.27,3.59,108.7,104.5,4.2,91.6,0.363,0.227,0.556,0.517,13.9,26.7,0.254,0.477,12.4,76.4,0.251,818149.0,19955.0,2006
7,LAL,25,45,37,48,34,2.5,0.03,2.53,108.4,105.7,2.7,90.9,0.329,0.24,0.539,0.495,13.1,28.8,0.245,0.486,13.4,73.6,0.242,774189.0,18883.0,2006
8,CLE,27,50,32,48,34,2.23,-0.06,2.17,107.8,105.4,2.4,89.8,0.362,0.228,0.538,0.492,13.3,28.4,0.263,0.49,12.8,75.7,0.226,792391.0,19327.0,2006
9,IND,27,41,41,47,35,1.89,-0.27,1.62,104.5,102.4,2.1,89.7,0.344,0.245,0.533,0.487,14.8,27.1,0.254,0.464,13.0,72.6,0.232,663368.0,16180.0,2006
10,WAS,26,42,40,46,36,1.85,-0.29,1.57,109.3,107.3,2.0,92.3,0.375,0.209,0.538,0.484,12.8,29.5,0.284,0.504,15.1,70.9,0.256,705062.0,17197.0,2006
11,SAC,27,44,38,45,37,1.54,0.07,1.61,106.7,105.0,1.7,91.9,0.334,0.217,0.544,0.492,13.9,25.4,0.262,0.488,13.7,72.2,0.21,709997.0,17317.0,2006
12,LAC,26,47,35,46,36,1.57,0.18,1.75,105.3,103.6,1.7,91.7,0.332,0.131,0.54,0.487,13.8,25.4,0.263,0.471,12.2,75.9,0.24,712409.0,17376.0,2006
13,BKN,28,49,33,45,37,1.37,-0.26,1.11,103.9,102.4,1.5,89.8,0.346,0.229,0.528,0.478,13.3,24.0,0.262,0.476,14.0,76.3,0.266,691543.0,16867.0,2006
14,CHI,24,41,41,43,39,0.63,-0.12,0.51,104.0,103.4,0.6,92.9,0.292,0.219,0.527,0.487,13.9,26.3,0.216,0.464,13.9,74.7,0.295,868720.0,21188.0,2006
15,DEN,27,44,38,42,40,0.23,0.13,0.36,105.5,105.2,0.3,93.9,0.347,0.161,0.535,0.488,13.7,26.8,0.258,0.493,14.7,72.0,0.227,702555.0,17135.0,2006
16,MIL,25,40,42,38,44,-1.04,-0.04,-1.07,106.3,107.4,-1.1,91.2,0.322,0.203,0.535,0.492,13.8,27.3,0.238,0.504,13.8,74.6,0.262,681337.0,16618.0,2006
17,ORL,25,36,46,38,44,-1.07,-0.18,-1.26,106.3,107.5,-1.2,88.3,0.369,0.129,0.543,0.496,14.7,28.5,0.27,0.49,13.0,72.5,0.264,638005.0,15561.0,2006
18,GSW,25,34,48,37,45,-1.35,0.25,-1.11,104.8,106.2,-1.4,93.3,0.323,0.27,0.521,0.479,13.0,26.9,0.232,0.492,14.1,71.6,0.243,749185.0,18273.0,2006
19,HOU,28,34,48,36,46,-1.59,0.28,-1.3,101.6,103.3,-1.7,88.0,0.317,0.226,0.519,0.471,14.3,25.5,0.24,0.472,13.1,74.6,0.247,636110.0,15515.0,2006
20,BOS,25,33,49,37,45,-1.54,-0.05,-1.59,105.2,106.9,-1.7,92.2,0.349,0.204,0.551,0.504,15.7,25.5,0.263,0.49,13.8,72.8,0.282,692873.0,16899.0,2006
21,MIN,26,33,49,35,47,-1.88,0.13,-1.75,102.4,104.5,-2.1,88.8,0.299,0.149,0.524,0.48,14.2,25.2,0.226,0.475,13.4,71.3,0.236,662167.0,16150.0,2006
22,PHI,26,38,44,35,47,-1.95,-0.15,-2.1,106.0,108.1,-2.1,92.7,0.356,0.158,0.538,0.487,13.3,25.6,0.27,0.5,14.3,71.3,0.24,677278.0,16519.0,2006
23,UTA,25,41,41,33,49,-2.63,0.14,-2.49,104.1,107.0,-2.9,87.8,0.397,0.149,0.519,0.467,15.0,32.4,0.286,0.49,14.0,73.2,0.303,751621.0,18332.0,2006
24,NOP,26,38,44,33,49,-2.82,0.31,-2.51,103.7,106.8,-3.1,89.0,0.339,0.138,0.515,0.464,12.9,26.9,0.257,0.502,14.3,73.4,0.243,744920.0,18717.0,2006
25,TOR,25,27,55,33,49,-2.99,-0.04,-3.03,109.5,112.7,-3.2,91.1,0.315,0.244,0.548,0.5,12.4,25.4,0.249,0.53,13.5,73.3,0.263,699332.0,17057.0,2006
26,OKC,25,35,47,33,49,-3.02,0.15,-2.88,111.1,114.4,-3.3,91.6,0.314,0.243,0.551,0.504,13.7,30.4,0.246,0.527,13.6,69.0,0.26,664157.0,16199.0,2006
27,CHA,25,26,56,30,52,-4.0,0.1,-3.9,102.5,106.7,-4.2,93.4,0.319,0.184,0.509,0.464,13.0,27.1,0.233,0.514,16.5,70.7,0.263,671011.0,16366.0,2006
28,ATL,22,26,56,28,54,-4.76,0.07,-4.69,106.4,111.6,-5.2,90.4,0.34,0.178,0.534,0.486,14.7,31.4,0.255,0.513,14.1,69.5,0.275,617817.0,15069.0,2006
29,NYK,25,23,59,24,58,-6.4,0.11,-6.3,104.0,111.0,-7.0,90.8,0.417,0.142,0.534,0.481,16.5,31.2,0.303,0.511,13.4,72.8,0.294,776176.0,18931.0,2006
30,POR,24,21,61,16,66,-9.45,0.54,-8.91,101.1,111.9,-10.8,87.6,0.31,0.166,0.511,0.474,14.5,26.6,0.214,0.507,12.6,68.2,0.231,617019.0,15049.0,2006
1,SAS,30,58,24,64,18,8.43,-0.08,8.35,109.2,99.9,9.3,89.8,0.313,0.247,0.561,0.521,13.6,24.2,0.235,0.471,14.0,75.7,0.201,764823.0,18654.0,2007
2,DAL,28,67,15,61,21,7.22,0.06,7.28,111.3,103.2,8.1,89.5,0.317,0.218,0.559,0.509,13.4,28.7,0.256,0.477,14.2,75.0,0.265,834411.0,20351.0,2007
3,PHX,27,61,21,59,23,7.3,-0.03,7.28,113.9,106.4,7.5,95.6,0.267,0.287,0.59,0.551,13.4,22.7,0.215,0.492,13.6,71.9,0.206,755302.0,18422.0,2007
4,CHI,26,49,33,55,27,5.01,-0.49,4.52,104.9,99.6,5.3,93.6,0.313,0.186,0.534,0.493,14.7,28.6,0.229,0.473,16.2,74.3,0.252,912364.0,22253.0,2007
5,HOU,28,52,30,55,27,4.85,0.19,5.04,106.0,100.7,5.3,90.7,0.292,0.29,0.54,0.499,13.6,25.7,0.22,0.466,13.6,77.0,0.23,678362.0,16545.0,2007
6,DET,29,53,29,53,29,4.16,-0.47,3.69,108.9,104.2,4.7,87.3,0.307,0.201,0.535,0.488,12.0,28.3,0.237,0.477,14.3,70.9,0.234,905116.0,22076.0,2007
7,CLE,26,50,32,52,30,3.83,-0.5,3.33,105.5,101.3,4.2,90.8,0.32,0.211,0.522,0.484,13.4,29.7,0.223,0.48,14.7,75.8,0.243,837883.0,20436.0,2007
8,UTA,25,51,31,49,33,2.87,0.2,3.06,110.1,107.0,3.1,91.6,0.38,0.163,0.551,0.502,14.5,31.7,0.283,0.496,14.4,75.1,0.314,802214.0,19566.0,2007
9,DEN,26,45,37,45,37,1.62,0.07,1.69,107.6,105.9,1.7,97.4,0.36,0.212,0.548,0.501,14.6,28.9,0.268,0.499,14.5,71.8,0.203,706437.0,17230.0,2007
10,TOR,26,47,35,44,38,0.99,-0.38,0.61,107.0,106.0,1.0,92.6,0.303,0.224,0.55,0.504,13.0,22.2,0.239,0.503,14.3,74.5,0.219,748603.0,18259.0,2007
11,ORL,25,40,42,43,39,0.78,-0.43,0.35,104.9,104.1,0.8,89.9,0.393,0.158,0.544,0.5,16.3,29.3,0.276,0.48,14.6,73.7,0.286,700887.0,17095.0,2007
12,LAL,25,42,40,41,41,-0.07,0.32,0.24,108.6,108.6,0.0,93.5,0.333,0.259,0.554,0.511,14.3,26.1,0.249,0.5,13.5,72.3,0.262,778415.0,18986.0,2007
13,GSW,24,42,40,40,42,-0.34,0.34,0.0,107.0,107.4,-0.4,99.2,0.3,0.279,0.548,0.512,14.1,25.6,0.215,0.506,16.1,69.6,0.264,742267.0,18104.0,2007
14,WAS,26,41,41,40,42,-0.51,-0.28,-0.8,110.1,110.6,-0.5,94.1,0.356,0.237,0.542,0.491,12.6,28.1,0.272,0.517,14.4,71.0,0.249,753283.0,18373.0,2007
15,LAC,27,40,42,40,42,-0.46,0.39,-0.07,105.1,105.6,-0.5,90.8,0.355,0.143,0.537,0.481,14.5,27.2,0.28,0.488,13.3,74.7,0.249,755261.0,18421.0,2007
16,BKN,28,41,41,39,43,-0.77,-0.23,-1.0,105.7,106.6,-0.9,91.4,0.338,0.263,0.546,0.504,14.2,24.6,0.245,0.49,13.7,74.4,0.266,693955.0,16926.0,2007
17,MIA,29,44,38,38,44,-0.91,-0.29,-1.21,104.3,105.3,-1.0,89.9,0.321,0.245,0.541,0.506,14.3,24.9,0.222,0.485,13.8,73.3,0.232,808541.0,19721.0,2007
18,NOP,26,39,43,36,46,-1.57,0.38,-1.19,104.8,106.5,-1.7,90.2,0.291,0.188,0.52,0.479,13.6,29.1,0.215,0.499,13.2,74.7,0.212,731165.0,17954.0,2007
19,SAC,27,33,49,36,46,-1.8,0.46,-1.35,106.2,108.0,-1.8,94.8,0.379,0.232,0.545,0.491,13.5,23.1,0.289,0.513,14.9,72.5,0.24,709997.0,17317.0,2007
20,IND,27,35,47,34,48,-2.44,-0.18,-2.62,102.9,105.5,-2.6,92.4,0.324,0.212,0.523,0.474,15.1,28.4,0.246,0.491,14.8,72.7,0.271,629750.0,15360.0,2007
21,OKC,25,31,51,33,49,-2.89,0.45,-2.45,107.2,110.3,-3.1,91.8,0.288,0.219,0.544,0.499,14.5,27.8,0.228,0.515,14.1,70.9,0.243,654163.0,15955.0,2007
22,NYK,25,33,49,33,49,-2.85,-0.21,-3.06,105.7,108.8,-3.1,90.8,0.377,0.216,0.539,0.494,15.9,31.0,0.27,0.504,13.0,74.0,0.246,770617.0,18796.0,2007
23,PHI,26,35,47,32,50,-3.02,-0.23,-3.26,103.6,106.9,-3.3,90.7,0.333,0.128,0.53,0.48,14.6,27.2,0.255,0.501,14.7,70.8,0.221,608603.0,14844.0,2007
24,BOS,23,24,58,31,51,-3.41,-0.29,-3.7,103.2,106.9,-3.7,92.0,0.337,0.199,0.53,0.479,15.4,27.0,0.259,0.502,14.5,73.8,0.28,690576.0,16843.0,2007
25,MIN,27,32,50,30,52,-3.67,0.51,-3.16,103.9,107.9,-4.0,91.0,0.291,0.167,0.537,0.49,14.8,25.1,0.231,0.498,13.3,72.1,0.226,655947.0,15999.0,2007
26,CHA,25,33,49,30,52,-3.74,-0.22,-3.97,103.6,107.6,-4.0,92.0,0.322,0.193,0.524,0.48,13.9,26.4,0.236,0.5,14.7,71.6,0.279,637520.0,15549.0,2007
27,MIL,26,28,54,29,53,-4.38,-0.06,-4.43,107.0,111.7,-4.7,92.3,0.286,0.219,0.541,0.504,14.1,27.6,0.209,0.522,14.5,68.1,0.234,663629.0,16186.0,2007
28,POR,24,32,50,29,53,-4.29,0.51,-3.78,105.1,109.9,-4.8,88.3,0.314,0.193,0.53,0.483,14.5,28.2,0.241,0.508,13.5,73.0,0.267,670778.0,16360.0,2007
29,ATL,24,30,52,27,55,-4.76,-0.1,-4.86,103.0,108.3,-5.3,90.0,0.346,0.163,0.523,0.471,15.1,29.2,0.263,0.503,14.5,70.9,0.268,639375.0,15595.0,2007
30,MEM,26,22,60,27,55,-5.15,0.71,-4.44,106.9,112.3,-5.4,93.6,0.374,0.211,0.555,0.504,15.2,25.9,0.285,0.529,14.0,71.1,0.237,600836.0,14655.0,2007
1,BOS,27,66,16,67,15,10.26,-0.95,9.3,110.2,98.9,11.3,90.9,0.346,0.249,0.569,0.522,14.7,26.6,0.267,0.457,15.2,74.4,0.253,763584.0,18624.0,2008
2,DET,28,59,23,62,20,7.39,-0.72,6.67,111.4,102.9,8.5,87.3,0.3,0.203,0.539,0.495,11.4,29.4,0.23,0.47,13.4,73.7,0.244,905116.0,22076.0,2008
3,LAL,26,57,25,59,23,7.26,0.09,7.34,113.0,105.5,7.5,95.6,0.333,0.257,0.57,0.525,12.9,26.3,0.256,0.485,12.9,73.4,0.214,778877.0,18997.0,2008
4,UTA,25,54,28,59,23,6.88,-0.01,6.86,113.8,106.5,7.3,93.2,0.349,0.166,0.573,0.528,13.6,29.5,0.265,0.501,15.0,74.1,0.294,816211.0,19908.0,2008
5,ORL,26,52,30,56,26,5.46,-0.68,4.79,111.3,105.5,5.8,93.4,0.355,0.322,0.575,0.537,13.6,23.4,0.256,0.484,12.3,74.8,0.217,709346.0,17301.0,2008
6,NOP,27,56,26,56,26,5.28,0.18,5.46,111.5,105.7,5.8,89.9,0.251,0.239,0.548,0.512,11.4,27.0,0.193,0.501,13.5,75.4,0.184,581432.0,14181.0,2008
7,SAS,31,56,26,55,27,4.79,0.31,5.1,107.2,101.8,5.4,88.8,0.276,0.251,0.543,0.504,12.6,23.4,0.21,0.477,12.8,77.1,0.201,761149.0,18565.0,2008
8,HOU,28,55,27,55,27,4.68,0.15,4.83,106.8,101.6,5.2,90.4,0.276,0.255,0.528,0.492,13.0,29.1,0.2,0.465,12.8,74.8,0.214,718524.0,17525.0,2008
9,PHX,29,55,27,54,28,5.05,0.09,5.14,113.3,108.1,5.2,96.7,0.292,0.26,0.59,0.551,13.4,22.4,0.228,0.488,11.8,70.9,0.191,755302.0,18422.0,2008
10,DAL,28,51,31,54,28,4.54,0.16,4.7,111.1,106.1,5.0,90.2,0.318,0.215,0.554,0.502,12.3,26.7,0.259,0.474,11.7,75.0,0.252,831738.0,20286.0,2008
11,DEN,28,50,32,51,31,3.71,0.03,3.74,110.0,106.3,3.7,99.7,0.358,0.228,0.557,0.51,12.9,25.5,0.269,0.499,14.1,72.1,0.203,711962.0,17365.0,2008
12,TOR,26,41,41,49,33,2.9,-0.44,2.47,110.2,107.0,3.2,90.2,0.247,0.217,0.551,0.511,11.4,23.4,0.2,0.505,13.5,75.0,0.205,796835.0,19435.0,2008
13,GSW,25,48,34,47,35,2.21,0.17,2.38,111.8,109.5,2.3,98.8,0.276,0.295,0.548,0.511,11.5,27.2,0.208,0.509,14.7,70.3,0.258,804864.0,19631.0,2008
14,PHI,25,40,42,42,40,0.41,-0.23,0.19,106.4,106.0,0.4,90.4,0.321,0.143,0.522,0.482,13.4,31.8,0.227,0.504,15.1,72.0,0.205,609675.0,14870.0,2008
15,WAS,27,43,39,40,42,-0.33,-0.28,-0.61,109.2,109.6,-0.4,89.5,0.297,0.241,0.535,0.489,12.5,28.9,0.233,0.513,13.5,72.8,0.217,736461.0,17962.0,2008
16,CLE,27,45,37,40,42,-0.35,-0.17,-0.53,106.0,106.4,-0.4,90.2,0.308,0.231,0.52,0.48,13.1,30.4,0.221,0.494,12.9,75.9,0.24,839074.0,20465.0,2008
17,POR,24,41,41,38,44,-0.98,0.45,-0.52,107.3,108.4,-1.1,87.9,0.281,0.218,0.532,0.489,12.6,26.8,0.216,0.491,12.1,71.8,0.212,801566.0,19550.0,2008
18,IND,26,36,46,37,45,-1.4,-0.46,-1.87,106.0,107.5,-1.5,97.7,0.292,0.289,0.54,0.498,13.5,24.4,0.224,0.498,14.1,73.9,0.271,501092.0,12222.0,2008
19,ATL,24,37,45,36,46,-1.82,-0.41,-2.23,106.9,108.9,-2.0,91.1,0.34,0.165,0.535,0.483,14.0,29.7,0.263,0.501,12.9,71.7,0.217,667518.0,16281.0,2008
20,SAC,27,38,44,35,47,-2.26,0.4,-1.86,107.5,109.9,-2.4,94.7,0.346,0.208,0.556,0.503,14.8,25.2,0.276,0.51,13.9,71.7,0.256,580181.0,14151.0,2008
21,CHI,25,33,49,32,50,-3.09,-0.11,-3.19,103.9,107.2,-3.3,93.0,0.296,0.19,0.515,0.47,13.4,28.9,0.223,0.496,14.2,73.1,0.258,901502.0,21988.0,2008
22,CHA,26,32,50,29,53,-4.38,-0.11,-4.49,104.6,109.4,-4.8,91.8,0.323,0.22,0.532,0.492,13.9,25.6,0.23,0.505,13.4,71.0,0.235,603403.0,14717.0,2008
23,BKN,27,34,48,27,55,-5.06,-0.09,-5.15,104.0,109.4,-5.4,91.5,0.347,0.222,0.528,0.481,14.2,26.6,0.255,0.497,12.7,73.8,0.271,641921.0,15657.0,2008
24,MEM,24,22,60,25,57,-6.21,0.45,-5.76,105.0,111.4,-6.4,95.3,0.311,0.264,0.539,0.5,14.0,23.8,0.225,0.521,12.2,73.4,0.196,523578.0,12770.0,2008
25,NYK,25,23,59,23,59,-6.61,0.06,-6.55,104.7,111.9,-7.2,91.6,0.31,0.215,0.518,0.475,13.4,28.6,0.226,0.518,12.1,72.7,0.229,783739.0,19116.0,2008
26,MIN,24,22,60,23,59,-6.78,0.52,-6.26,103.8,111.2,-7.4,91.9,0.248,0.185,0.518,0.484,13.6,27.5,0.183,0.513,12.9,73.6,0.269,593537.0,14477.0,2008
27,MIL,25,26,56,23,59,-6.89,-0.03,-6.92,105.3,112.8,-7.5,91.3,0.294,0.195,0.522,0.482,13.7,30.0,0.215,0.524,13.0,73.0,0.25,639421.0,15596.0,2008
28,LAC,28,23,59,21,61,-7.27,0.71,-6.56,101.2,109.1,-7.9,92.1,0.338,0.167,0.519,0.465,13.7,23.1,0.264,0.503,12.8,73.1,0.236,692408.0,16888.0,2008
29,OKC,25,20,62,19,63,-8.76,0.72,-8.04,100.5,109.5,-9.0,96.3,0.265,0.134,0.509,0.467,14.3,26.8,0.204,0.503,11.9,73.7,0.215,547556.0,13355.0,2008
30,MIA,27,15,67,18,64,-8.65,0.11,-8.53,100.5,110.0,-9.5,90.2,0.3,0.217,0.522,0.482,14.4,22.1,0.218,0.51,13.6,71.9,0.245,798004.0,19464.0,2008
1,CLE,26,66,16,65,17,8.93,-0.25,8.68,112.4,102.4,10.0,88.7,0.312,0.259,0.56,0.519,12.5,27.7,0.236,0.468,13.5,74.6,0.226,841000.0,20512.0,2009
2,BOS,27,62,20,61,21,7.51,-0.07,7.44,110.5,102.3,8.2,90.4,0.328,0.214,0.571,0.528,15.0,27.9,0.251,0.47,14.0,75.6,0.253,763584.0,18624.0,2009
3,LAL,27,65,17,61,21,7.66,-0.55,7.11,112.8,104.7,8.1,94.3,0.299,0.217,0.555,0.513,12.3,29.4,0.23,0.49,14.2,73.0,0.213,778877.0,18997.0,2009
4,ORL,27,59,23,59,23,6.7,-0.21,6.48,109.2,101.9,7.3,92.3,0.351,0.335,0.559,0.52,13.4,24.0,0.251,0.465,12.3,75.9,0.209,698768.0,17043.0,2009
5,POR,24,54,28,56,26,5.34,-0.35,5.0,113.9,107.8,6.1,86.6,0.306,0.239,0.553,0.511,12.5,32.6,0.234,0.499,13.2,75.0,0.227,841499.0,20524.0,2009
6,HOU,27,53,29,53,29,4.0,-0.27,3.73,108.4,104.0,4.4,90.2,0.292,0.254,0.548,0.501,13.6,26.4,0.235,0.479,11.9,75.3,0.192,717669.0,17504.0,2009
7,SAS,30,54,28,52,30,3.76,-0.4,3.36,108.5,104.3,4.2,88.4,0.251,0.248,0.548,0.513,11.7,22.1,0.191,0.487,11.7,78.0,0.191,749048.0,18269.0,2009
8,DEN,27,54,28,50,32,3.41,-0.29,3.13,110.4,106.8,3.6,94.3,0.382,0.227,0.563,0.512,14.2,27.5,0.29,0.485,14.1,71.7,0.259,706165.0,17224.0,2009
9,UTA,25,48,34,48,34,2.65,-0.34,2.31,110.1,107.3,2.8,93.1,0.355,0.169,0.554,0.504,13.6,28.2,0.274,0.505,15.0,72.7,0.262,816042.0,19903.0,2009
10,DAL,29,50,32,47,35,1.98,-0.3,1.68,110.5,108.4,2.1,91.5,0.274,0.241,0.55,0.504,12.1,26.6,0.224,0.493,12.3,74.6,0.225,821723.0,20042.0,2009
11,PHX,29,46,36,46,36,1.93,-0.31,1.62,113.6,111.6,2.0,96.0,0.336,0.216,0.584,0.545,14.4,27.7,0.25,0.511,12.8,71.7,0.233,755302.0,18422.0,2009
12,ATL,25,47,35,46,36,1.57,0.13,1.7,109.3,107.6,1.7,89.6,0.323,0.253,0.546,0.504,12.5,26.0,0.238,0.494,13.2,71.6,0.21,686688.0,16748.0,2009
13,NOP,28,49,33,46,36,1.55,-0.14,1.41,108.7,107.0,1.7,87.8,0.288,0.24,0.548,0.501,12.5,24.6,0.232,0.496,13.2,74.9,0.23,695727.0,16969.0,2009
14,MIA,25,43,39,42,40,0.26,0.23,0.49,107.8,107.6,0.2,89.9,0.282,0.245,0.54,0.5,12.1,24.6,0.212,0.501,14.5,72.9,0.251,748778.0,18263.0,2009
15,PHI,26,41,41,41,41,0.07,0.09,0.16,107.9,107.8,0.1,90.0,0.339,0.164,0.532,0.485,13.4,31.3,0.253,0.507,14.9,71.4,0.216,647898.0,15802.0,2009
16,CHI,24,41,41,40,42,-0.28,0.12,-0.16,108.4,108.7,-0.3,93.1,0.3,0.189,0.541,0.493,13.3,28.0,0.239,0.493,13.1,70.9,0.238,868667.0,21187.0,2009
17,DET,28,39,43,40,42,-0.49,0.13,-0.36,107.4,108.0,-0.6,86.7,0.282,0.165,0.524,0.483,11.7,27.9,0.212,0.485,11.7,74.0,0.248,896971.0,21877.0,2009
18,IND,26,36,46,38,44,-1.11,0.35,-0.76,108.1,109.2,-1.1,96.5,0.267,0.244,0.545,0.501,13.1,25.4,0.215,0.499,12.7,74.5,0.271,581472.0,14182.0,2009
19,MIL,26,34,48,38,44,-1.09,0.21,-0.88,106.7,107.9,-1.2,92.6,0.306,0.208,0.531,0.483,13.1,27.8,0.239,0.503,15.6,74.0,0.315,630976.0,15390.0,2009
20,CHA,25,35,47,37,45,-1.27,0.07,-1.2,104.7,106.1,-1.4,88.3,0.312,0.213,0.536,0.494,15.1,27.7,0.231,0.498,14.4,73.0,0.229,597548.0,14574.0,2009
21,NYK,25,32,50,34,48,-2.61,0.28,-2.33,108.1,110.8,-2.7,96.7,0.268,0.322,0.544,0.503,12.9,24.4,0.21,0.52,13.0,72.7,0.215,790801.0,19288.0,2009
22,BKN,25,34,48,34,48,-2.44,0.13,-2.31,108.3,111.0,-2.7,89.9,0.303,0.265,0.543,0.497,12.7,25.2,0.236,0.509,13.0,73.5,0.272,621062.0,15148.0,2009
23,TOR,27,33,49,33,49,-2.82,0.28,-2.54,107.0,110.0,-3.0,92.0,0.279,0.193,0.542,0.494,12.8,24.0,0.23,0.511,12.6,73.7,0.202,769707.0,18773.0,2009
24,GSW,25,29,53,31,51,-3.74,-0.06,-3.8,109.5,113.3,-3.8,98.2,0.339,0.209,0.549,0.497,12.9,26.1,0.268,0.508,12.9,68.1,0.251,776660.0,18943.0,2009
25,MIN,25,24,58,27,55,-4.91,0.18,-4.74,106.1,111.4,-5.3,91.6,0.289,0.227,0.526,0.481,13.3,27.7,0.222,0.515,12.0,75.0,0.254,595013.0,14513.0,2009
26,MEM,23,24,58,26,56,-5.46,0.24,-5.23,103.5,109.5,-6.0,90.1,0.329,0.175,0.533,0.486,14.8,25.8,0.249,0.515,14.1,73.5,0.247,519895.0,12680.0,2009
27,OKC,24,23,59,24,58,-6.1,0.06,-6.04,102.9,109.4,-6.5,93.6,0.308,0.141,0.521,0.471,14.8,28.6,0.242,0.514,13.0,73.9,0.216,766868.0,18704.0,2009
28,WAS,26,19,63,21,61,-7.46,0.48,-6.98,105.4,113.6,-8.2,91.0,0.293,0.18,0.524,0.48,13.2,27.7,0.224,0.533,13.3,71.4,0.227,681119.0,16613.0,2009
29,SAC,26,17,65,19,63,-8.76,0.16,-8.6,105.5,114.7,-9.2,94.2,0.315,0.238,0.542,0.491,14.3,24.5,0.252,0.526,13.0,69.9,0.269,520169.0,12687.0,2009
30,LAC,26,19,63,18,64,-8.77,0.3,-8.47,102.3,111.7,-9.4,92.1,0.275,0.226,0.52,0.481,14.0,25.1,0.202,0.512,12.4,71.2,0.227,663587.0,16185.0,2009
1,ORL,27,59,23,61,21,7.49,-0.37,7.12,111.4,103.3,8.1,92.0,0.34,0.35,0.573,0.536,13.6,24.6,0.246,0.477,12.2,77.4,0.205,715901.0,17461.0,2010
2,CLE,28,61,21,59,23,6.52,-0.36,6.17,111.2,104.1,7.1,91.4,0.341,0.248,0.57,0.532,13.4,25.1,0.246,0.482,12.3,77.2,0.218,843042.0,20562.0,2010
3,UTA,25,53,29,55,27,5.34,-0.01,5.33,110.7,105.0,5.7,93.8,0.34,0.184,0.565,0.524,14.2,26.8,0.252,0.492,14.2,75.6,0.269,794512.0,19378.0,2010
4,SAS,28,50,32,55,27,5.09,-0.02,5.07,110.0,104.5,5.5,91.7,0.296,0.232,0.552,0.515,12.9,26.8,0.219,0.483,12.1,76.3,0.214,741676.0,18090.0,2010
5,ATL,26,53,29,54,28,4.66,-0.22,4.44,111.9,106.7,5.2,90.1,0.281,0.214,0.545,0.506,11.4,28.2,0.213,0.496,13.2,72.7,0.208,678375.0,16546.0,2010
6,PHX,28,54,28,54,28,4.9,-0.23,4.67,115.3,110.2,5.1,95.3,0.312,0.261,0.585,0.546,13.6,27.6,0.24,0.491,11.6,70.8,0.224,723582.0,17648.0,2010
7,LAL,28,57,25,54,28,4.72,0.06,4.78,108.8,103.7,5.1,92.8,0.289,0.227,0.538,0.496,12.4,27.6,0.221,0.484,13.2,74.4,0.195,778877.0,18997.0,2010
8,DEN,27,53,29,52,30,4.09,0.06,4.15,111.8,107.5,4.3,94.8,0.376,0.227,0.561,0.509,12.7,26.1,0.29,0.495,13.8,72.4,0.251,737301.0,17983.0,2010
9,BOS,29,50,32,52,30,3.66,-0.29,3.37,107.7,103.8,3.9,91.6,0.332,0.228,0.564,0.522,14.5,22.8,0.248,0.487,14.9,73.8,0.251,763584.0,18624.0,2010
10,POR,26,50,32,51,31,3.3,-0.13,3.18,110.8,107.1,3.7,87.7,0.315,0.215,0.547,0.499,12.1,28.2,0.249,0.502,13.3,74.8,0.219,840371.0,20497.0,2010
11,OKC,23,50,32,51,31,3.49,0.06,3.55,108.3,104.6,3.7,93.1,0.333,0.185,0.547,0.494,13.9,28.6,0.268,0.483,14.0,73.6,0.229,738149.0,18004.0,2010
12,DAL,30,55,27,49,33,2.72,-0.06,2.66,109.2,106.3,2.9,92.5,0.277,0.222,0.552,0.506,12.3,24.3,0.226,0.495,13.6,73.7,0.206,819770.0,19994.0,2010
13,MIA,27,47,35,48,34,2.28,-0.29,1.99,106.6,104.1,2.5,89.6,0.296,0.219,0.537,0.496,12.8,26.1,0.223,0.48,13.9,74.9,0.246,726935.0,17730.0,2010
14,MIL,26,46,36,46,36,1.7,-0.32,1.37,104.9,103.1,1.8,91.7,0.239,0.259,0.518,0.482,12.3,26.2,0.181,0.486,14.6,76.4,0.266,619453.0,15109.0,2010
15,CHA,27,44,38,45,37,1.46,-0.17,1.3,104.4,102.8,1.6,90.4,0.346,0.211,0.538,0.49,15.1,26.5,0.26,0.491,14.7,74.2,0.194,648520.0,15818.0,2010
16,HOU,26,42,40,40,42,-0.37,0.35,-0.02,107.6,108.0,-0.4,94.0,0.292,0.265,0.537,0.494,13.2,26.9,0.225,0.511,13.6,73.8,0.215,677658.0,16528.0,2010
17,MEM,24,40,42,37,45,-1.51,0.13,-1.39,108.3,109.9,-1.6,93.6,0.32,0.148,0.536,0.494,13.7,31.3,0.235,0.52,13.2,73.3,0.205,552914.0,13486.0,2010
18,CHI,26,41,41,36,46,-1.63,0.0,-1.64,103.5,105.3,-1.8,93.1,0.287,0.156,0.52,0.477,13.3,26.6,0.217,0.484,12.3,74.8,0.212,849760.0,20726.0,2010
19,TOR,25,40,42,36,46,-1.78,-0.05,-1.83,111.3,113.2,-1.9,93.1,0.319,0.211,0.564,0.521,12.7,24.7,0.244,0.513,11.8,72.9,0.247,733784.0,17897.0,2010
20,NOP,27,37,45,34,48,-2.46,0.19,-2.27,107.4,110.1,-2.7,92.6,0.243,0.23,0.543,0.506,12.7,24.8,0.189,0.523,13.5,73.8,0.205,617366.0,15058.0,2010
21,IND,26,32,50,33,49,-3.01,-0.1,-3.11,103.7,106.8,-3.1,97.1,0.296,0.278,0.536,0.491,13.8,21.6,0.229,0.49,13.4,73.0,0.258,582295.0,14202.0,2010
22,GSW,25,26,56,32,50,-3.6,0.32,-3.28,108.1,111.7,-3.6,100.4,0.294,0.238,0.557,0.514,13.1,20.9,0.23,0.525,15.1,68.5,0.26,739120.0,18027.0,2010
23,NYK,25,29,53,31,51,-3.82,-0.19,-4.01,107.6,111.6,-4.0,94.0,0.256,0.312,0.547,0.509,13.0,23.5,0.2,0.526,13.3,72.1,0.207,799550.0,19501.0,2010
24,PHI,25,27,55,30,52,-3.9,-0.03,-3.93,106.1,110.3,-4.2,91.6,0.27,0.206,0.534,0.496,13.7,27.6,0.204,0.518,13.8,73.2,0.231,583219.0,14225.0,2010
25,SAC,24,25,57,29,53,-4.37,0.3,-4.06,105.3,109.9,-4.6,94.0,0.286,0.201,0.528,0.491,13.6,27.8,0.207,0.505,12.6,73.5,0.244,543416.0,13254.0,2010
26,WAS,27,26,56,28,54,-4.78,0.06,-4.72,104.2,109.4,-5.2,91.6,0.283,0.183,0.524,0.481,13.9,27.6,0.216,0.502,12.8,72.4,0.239,664398.0,16205.0,2010
27,DET,26,27,55,26,56,-5.11,0.09,-5.02,105.6,111.4,-5.8,88.5,0.303,0.18,0.515,0.474,12.8,30.3,0.22,0.526,14.2,73.4,0.264,768826.0,18752.0,2010
28,LAC,27,29,53,24,58,-6.35,0.34,-6.01,103.3,110.1,-6.8,92.6,0.283,0.221,0.529,0.491,14.8,27.1,0.206,0.509,12.2,74.0,0.214,670063.0,16343.0,2010
29,MIN,24,15,67,17,65,-9.6,0.54,-9.06,101.7,111.6,-9.9,96.1,0.278,0.171,0.518,0.478,14.6,26.7,0.207,0.525,13.0,73.6,0.22,619170.0,15102.0,2010
30,BKN,24,12,70,17,65,-9.12,0.19,-8.93,100.6,110.5,-9.9,91.4,0.307,0.181,0.509,0.458,13.7,25.1,0.24,0.517,13.3,71.8,0.229,537230.0,13103.0,2010
1,MIA,29,58,24,61,21,7.46,-0.71,6.76,111.7,103.5,8.2,90.9,0.363,0.235,0.573,0.524,13.5,25.2,0.279,0.475,12.6,75.5,0.223,810930.0,19779.0,2011
2,CHI,26,62,20,61,21,7.32,-0.79,6.53,108.3,100.3,8.0,90.4,0.305,0.215,0.541,0.501,13.5,29.4,0.227,0.463,13.6,76.2,0.222,893462.0,21792.0,2011
3,LAL,30,57,25,58,24,6.11,-0.1,6.01,111.0,104.3,6.7,90.7,0.293,0.22,0.545,0.502,12.3,29.2,0.228,0.477,12.8,72.3,0.181,778877.0,18997.0,2011
4,SAS,28,61,21,56,26,5.71,0.16,5.86,111.8,105.6,6.2,92.3,0.299,0.261,0.567,0.527,12.8,24.9,0.229,0.491,12.6,74.6,0.19,750879.0,18314.0,2011
5,BOS,29,56,26,57,25,5.37,-0.54,4.83,106.2,100.3,5.9,90.4,0.305,0.18,0.561,0.519,14.5,21.1,0.235,0.469,14.8,74.7,0.235,763584.0,18624.0,2011
6,ORL,27,52,30,56,26,5.46,-0.54,4.92,107.9,102.0,5.9,91.2,0.328,0.328,0.554,0.521,14.3,26.1,0.227,0.475,13.3,76.9,0.219,777852.0,18972.0,2011
7,DEN,27,50,32,54,28,4.76,0.05,4.81,112.3,107.3,5.0,95.6,0.367,0.258,0.574,0.526,13.1,23.9,0.281,0.5,12.7,75.4,0.224,696568.0,16989.0,2011
8,DAL,30,57,25,53,29,4.23,0.18,4.41,109.7,105.0,4.7,91.3,0.286,0.274,0.565,0.525,13.6,24.1,0.222,0.488,13.0,74.8,0.206,824162.0,20102.0,2011
9,OKC,23,55,27,51,31,3.79,0.02,3.81,111.2,107.2,4.0,92.7,0.363,0.212,0.561,0.501,13.1,27.4,0.299,0.493,12.9,73.6,0.228,744068.0,18148.0,2011
10,MEM,25,46,36,48,34,2.34,0.2,2.55,107.6,105.1,2.5,91.9,0.291,0.136,0.534,0.493,13.0,28.9,0.218,0.502,15.7,72.5,0.228,600687.0,14651.0,2011
11,HOU,26,43,39,47,35,2.18,0.19,2.37,111.3,109.0,2.3,94.2,0.299,0.264,0.55,0.503,12.3,27.4,0.239,0.5,12.6,72.7,0.219,663839.0,16191.0,2011
12,POR,26,48,34,46,36,1.52,0.32,1.85,108.8,107.1,1.7,87.9,0.278,0.228,0.533,0.486,12.6,29.5,0.224,0.51,15.4,72.0,0.231,840924.0,20510.0,2011
13,PHI,24,41,41,45,37,1.5,-0.5,1.01,106.6,105.0,1.6,91.7,0.273,0.184,0.535,0.494,12.3,24.6,0.21,0.487,13.5,74.5,0.231,604823.0,14752.0,2011
14,NOP,26,46,36,44,38,0.89,0.39,1.28,106.2,105.2,1.0,88.7,0.296,0.192,0.537,0.493,12.8,25.1,0.226,0.501,14.4,76.2,0.22,603088.0,14709.0,2011
15,NYK,25,42,40,43,39,0.78,-0.3,0.48,110.9,110.1,0.8,95.6,0.304,0.303,0.561,0.513,12.6,24.2,0.246,0.511,13.8,71.9,0.24,808879.0,19729.0,2011
16,MIL,26,35,47,38,44,-0.84,-0.17,-1.02,101.6,102.5,-0.9,89.8,0.287,0.216,0.511,0.467,13.0,24.7,0.217,0.481,14.7,74.8,0.236,631912.0,15412.0,2011
17,PHX,29,40,42,39,43,-0.89,0.43,-0.46,109.5,110.4,-0.9,94.4,0.283,0.271,0.559,0.522,13.2,23.7,0.215,0.513,13.1,71.6,0.211,720249.0,17567.0,2011
18,ATL,27,44,38,39,43,-0.82,-0.28,-1.1,106.1,107.0,-0.9,89.3,0.269,0.222,0.542,0.501,13.5,23.4,0.209,0.495,12.3,74.6,0.211,641596.0,15649.0,2011
19,IND,25,37,45,38,44,-1.07,-0.3,-1.38,104.8,106.0,-1.2,94.7,0.3,0.244,0.533,0.486,14.1,25.9,0.235,0.487,12.8,74.1,0.237,555077.0,13538.0,2011
20,UTA,26,39,43,36,46,-1.83,0.39,-1.44,108.1,110.1,-2.0,91.0,0.313,0.191,0.544,0.498,13.5,27.0,0.241,0.505,13.8,71.7,0.275,799982.0,19512.0,2011
21,GSW,25,36,46,35,47,-2.33,0.33,-2.0,108.2,110.7,-2.5,94.8,0.241,0.248,0.544,0.51,13.3,26.7,0.183,0.509,14.5,69.3,0.259,766398.0,18693.0,2011
22,LAC,24,32,50,32,50,-3.13,0.42,-2.71,105.3,108.7,-3.4,92.8,0.332,0.23,0.535,0.496,15.1,28.4,0.234,0.499,12.8,73.2,0.25,727462.0,17743.0,2011
23,DET,27,30,52,31,51,-3.6,-0.18,-3.78,107.7,111.7,-4.0,89.2,0.279,0.189,0.533,0.495,12.5,27.4,0.206,0.526,13.8,72.1,0.235,683080.0,16660.0,2011
24,CHA,26,34,48,29,53,-4.0,-0.08,-4.08,103.4,107.8,-4.4,89.6,0.314,0.189,0.528,0.482,14.1,25.7,0.237,0.5,12.9,75.2,0.229,649694.0,15846.0,2011
25,SAC,24,24,58,27,55,-5.34,0.54,-4.8,103.5,109.0,-5.5,95.2,0.284,0.183,0.519,0.48,14.4,29.9,0.208,0.513,13.5,74.4,0.233,569496.0,13890.0,2011
26,BKN,24,24,58,24,58,-6.24,-0.04,-6.28,103.1,109.9,-6.8,89.9,0.283,0.201,0.517,0.474,13.4,26.1,0.215,0.503,11.8,74.2,0.241,581378.0,13949.0,2011
27,TOR,24,22,60,24,58,-6.28,0.01,-6.28,106.1,112.9,-6.8,92.9,0.293,0.162,0.533,0.491,13.7,28.2,0.221,0.522,13.0,72.0,0.251,680255.0,16592.0,2011
28,MIN,23,17,65,24,58,-6.63,0.67,-5.97,104.2,111.1,-6.9,96.5,0.282,0.223,0.526,0.483,15.1,29.6,0.217,0.514,13.1,73.7,0.251,624960.0,15243.0,2011
29,WAS,24,23,59,22,60,-7.4,0.11,-7.3,102.4,110.2,-7.8,93.8,0.29,0.172,0.513,0.471,13.9,28.0,0.216,0.512,14.4,70.5,0.249,688466.0,16792.0,2011
30,CLE,26,19,63,18,64,-9.01,0.14,-8.88,102.2,111.8,-9.6,93.0,0.312,0.224,0.518,0.472,13.4,24.2,0.233,0.524,12.7,73.3,0.211,824595.0,20112.0,2011
1,CHI,27,50,16,51,15,8.18,-0.76,7.43,107.4,98.3,9.1,89.1,0.255,0.205,0.523,0.49,13.2,32.6,0.184,0.45,12.8,74.3,0.175,731326.0,22161.0,2012
2,SAS,27,50,16,48,18,7.17,0.11,7.28,110.9,103.2,7.7,92.9,0.261,0.257,0.562,0.528,12.8,25.1,0.195,0.489,12.9,76.0,0.168,607095.0,18397.0,2012
3,OKC,25,47,19,46,20,6.12,0.32,6.44,109.8,103.2,6.6,93.0,0.334,0.252,0.567,0.516,15.3,27.8,0.269,0.465,13.0,72.1,0.207,600699.0,18203.0,2012
4,MIA,28,46,20,47,19,5.98,-0.27,5.72,106.6,100.2,6.4,91.2,0.307,0.198,0.549,0.505,14.5,26.6,0.238,0.479,15.8,73.9,0.2,657855.0,19935.0,2012
5,PHI,24,35,31,43,23,4.24,-0.65,3.59,103.9,99.2,4.7,89.7,0.217,0.175,0.511,0.48,10.9,24.4,0.161,0.46,13.5,75.2,0.192,577597.0,17503.0,2012
6,ATL,27,40,26,41,25,3.44,-0.77,2.67,104.9,101.2,3.7,90.2,0.259,0.249,0.535,0.5,13.4,23.9,0.192,0.48,14.4,74.4,0.186,501593.0,15200.0,2012
7,IND,26,42,24,41,25,3.3,-0.71,2.6,106.7,103.1,3.6,90.7,0.321,0.198,0.526,0.474,13.1,29.2,0.251,0.476,14.1,72.3,0.222,467561.0,14169.0,2012
8,NYK,26,36,30,41,25,3.2,-0.81,2.39,104.4,101.0,3.4,93.2,0.306,0.288,0.533,0.492,14.9,26.6,0.227,0.485,15.9,73.7,0.224,652179.0,19763.0,2012
9,DEN,26,38,28,39,27,2.88,0.29,3.16,109.2,106.2,3.0,94.2,0.326,0.243,0.556,0.516,14.1,27.7,0.239,0.508,14.3,74.3,0.185,561966.0,17029.0,2012
10,BOS,29,39,27,39,27,2.52,-0.26,2.26,101.0,98.2,2.8,90.4,0.257,0.194,0.535,0.496,14.7,19.7,0.2,0.452,14.9,72.4,0.216,614592.0,18624.0,2012
11,LAC,27,40,26,39,27,2.56,0.26,2.82,108.5,105.7,2.8,89.2,0.287,0.269,0.533,0.502,12.7,29.5,0.195,0.492,14.2,73.2,0.245,634237.0,19219.0,2012
12,MEM,25,41,25,38,28,2.02,0.42,2.43,104.0,101.8,2.2,90.8,0.277,0.157,0.515,0.473,13.6,29.8,0.211,0.485,16.3,72.7,0.227,518446.0,15710.0,2012
13,LAL,29,41,25,36,30,1.42,0.54,1.96,106.0,104.4,1.6,90.5,0.299,0.209,0.534,0.491,14.2,29.1,0.226,0.476,10.7,74.8,0.158,626901.0,18997.0,2012
14,DAL,31,36,30,35,31,0.95,0.83,1.78,103.3,102.3,1.0,91.4,0.246,0.271,0.527,0.489,13.4,23.4,0.19,0.479,13.9,74.8,0.203,671050.0,20335.0,2012
15,ORL,27,37,29,35,31,0.79,-0.33,0.46,105.0,104.1,0.9,89.0,0.292,0.346,0.533,0.506,14.5,26.5,0.193,0.488,12.9,75.5,0.19,623587.0,18897.0,2012
16,UTA,25,36,30,34,32,0.62,0.3,0.92,106.8,106.1,0.7,91.4,0.302,0.153,0.525,0.481,13.0,30.2,0.227,0.493,13.8,73.8,0.245,637124.0,19307.0,2012
17,MIL,26,31,35,34,32,0.27,-0.5,-0.23,105.5,105.2,0.3,93.7,0.25,0.224,0.521,0.481,12.9,27.7,0.194,0.489,14.6,70.9,0.217,485717.0,14719.0,2012
18,HOU,26,34,32,34,32,0.23,0.35,0.57,105.5,105.2,0.3,91.7,0.235,0.24,0.529,0.492,13.5,27.5,0.184,0.49,13.8,73.4,0.21,506994.0,15363.0,2012
19,PHX,28,33,33,32,34,-0.24,0.53,0.29,106.2,106.5,-0.3,92.6,0.257,0.238,0.536,0.499,13.3,25.8,0.194,0.491,13.1,71.7,0.2,514718.0,15598.0,2012
20,POR,27,28,38,32,34,-0.62,0.41,-0.22,105.7,106.4,-0.7,91.2,0.263,0.255,0.531,0.488,13.4,26.3,0.209,0.504,14.1,72.8,0.199,676384.0,20496.0,2012
21,MIN,24,26,40,28,38,-2.2,0.37,-1.83,104.3,106.6,-2.3,93.3,0.306,0.262,0.524,0.477,14.0,27.5,0.236,0.491,12.2,73.0,0.187,577197.0,17491.0,2012
22,GSW,25,23,43,25,41,-3.41,0.62,-2.79,105.4,109.1,-3.7,92.3,0.227,0.248,0.539,0.505,13.3,22.9,0.175,0.496,13.6,69.1,0.237,622311.0,18858.0,2012
23,TOR,25,23,43,25,41,-3.3,-0.36,-3.67,100.8,104.5,-3.7,89.3,0.274,0.209,0.518,0.475,14.8,25.9,0.211,0.475,12.8,75.4,0.26,555584.0,16836.0,2012
24,NOP,25,21,45,24,42,-3.76,0.65,-3.11,100.9,105.1,-4.2,88.3,0.274,0.152,0.517,0.476,15.2,27.5,0.207,0.485,13.5,73.1,0.218,498618.0,15110.0,2012
25,WAS,24,20,46,22,44,-4.8,-0.34,-5.14,101.0,106.2,-5.2,92.5,0.253,0.196,0.508,0.472,14.2,27.3,0.184,0.492,14.2,70.9,0.229,552038.0,16728.0,2012
26,DET,26,25,41,22,44,-4.79,-0.4,-5.19,101.0,106.3,-5.3,89.2,0.279,0.175,0.51,0.468,15.0,28.1,0.21,0.5,14.2,72.8,0.226,475638.0,14413.0,2012
27,SAC,24,22,44,21,45,-5.68,0.73,-4.95,103.8,109.8,-6.0,94.7,0.268,0.228,0.51,0.472,13.0,29.1,0.197,0.515,13.9,70.5,0.199,478764.0,14508.0,2012
28,BKN,26,22,44,19,47,-5.98,-0.39,-6.37,102.9,109.6,-6.7,90.1,0.269,0.278,0.516,0.473,14.3,27.8,0.209,0.513,13.7,70.7,0.209,460719.0,13961.0,2012
29,CLE,26,21,45,17,49,-7.2,-0.14,-7.34,101.1,108.9,-7.8,91.3,0.307,0.238,0.505,0.463,14.3,28.9,0.22,0.508,13.1,72.2,0.202,525577.0,15927.0,2012
30,CHA,24,7,59,7,59,-13.91,-0.05,-13.96,95.2,110.4,-15.2,91.1,0.276,0.169,0.483,0.439,13.9,23.6,0.206,0.512,12.8,70.9,0.206,486984.0,14757.0,2012
1,OKC,26,60,22,64,18,9.21,-0.06,9.15,112.4,102.6,9.8,93.3,0.338,0.244,0.58,0.527,14.4,26.7,0.28,0.469,13.5,73.4,0.197,746323.0,18203.0,2013
2,MIA,30,66,16,62,20,7.87,-0.84,7.03,112.3,103.7,8.6,90.7,0.297,0.285,0.588,0.552,13.7,22.2,0.224,0.487,14.8,73.0,0.2,819290.0,19983.0,2013
3,LAC,28,56,26,59,23,6.45,-0.02,6.43,110.6,103.6,7.0,91.1,0.286,0.265,0.557,0.526,13.9,28.8,0.203,0.492,15.4,73.5,0.229,788293.0,19227.0,2013
4,SAS,28,58,24,58,24,6.4,0.27,6.67,108.3,101.6,6.7,94.2,0.258,0.264,0.568,0.531,14.0,20.5,0.204,0.48,13.7,74.9,0.179,755700.0,18432.0,2013
5,DEN,26,57,25,55,27,5.09,0.28,5.37,110.4,105.1,5.3,95.1,0.308,0.217,0.549,0.515,13.6,31.4,0.216,0.493,14.3,71.8,0.193,730616.0,17820.0,2013
6,NYK,30,54,28,53,29,4.23,-0.5,3.73,111.1,106.3,4.8,89.8,0.258,0.354,0.55,0.515,11.7,25.6,0.196,0.508,14.8,74.7,0.216,780353.0,19033.0,2013
7,MEM,27,56,26,54,28,4.15,0.18,4.32,104.9,100.3,4.6,88.4,0.261,0.166,0.514,0.472,13.3,31.0,0.202,0.475,15.2,74.3,0.209,681613.0,16625.0,2013
8,IND,25,49,32,52,29,4.02,-0.69,3.34,104.3,99.8,4.5,90.2,0.293,0.245,0.521,0.479,14.3,30.3,0.219,0.453,12.9,74.6,0.197,626069.0,15270.0,2013
9,HOU,24,45,37,50,32,3.48,0.22,3.69,109.7,106.1,3.6,96.1,0.308,0.349,0.564,0.525,14.9,26.4,0.232,0.502,13.5,75.2,0.196,683564.0,16672.0,2013
10,BKN,28,49,33,46,36,1.78,-0.53,1.25,108.2,106.2,2.0,88.8,0.299,0.269,0.536,0.498,14.0,30.9,0.219,0.503,13.1,73.7,0.174,704702.0,17188.0,2013
11,LAL,30,45,37,44,38,1.16,0.32,1.48,107.8,106.6,1.2,94.4,0.345,0.303,0.548,0.512,13.9,27.0,0.239,0.496,11.9,74.3,0.163,778877.0,18997.0,2013
12,GSW,25,47,35,44,38,0.89,0.42,1.32,106.4,105.5,0.9,94.5,0.255,0.239,0.545,0.506,14.0,25.4,0.201,0.486,12.4,75.5,0.211,794320.0,19374.0,2013
13,ATL,27,44,38,42,40,0.4,-0.48,-0.08,104.8,104.4,0.4,92.6,0.244,0.286,0.546,0.517,14.2,22.2,0.174,0.496,14.2,73.6,0.181,620146.0,15126.0,2013
14,CHI,28,45,37,42,40,0.32,-0.33,-0.02,103.5,103.2,0.3,89.3,0.259,0.189,0.512,0.47,13.6,29.4,0.201,0.477,13.2,73.6,0.206,896944.0,21877.0,2013
15,UTA,26,43,39,41,41,-0.09,0.38,0.3,106.7,106.8,-0.1,90.9,0.281,0.206,0.533,0.492,13.8,28.8,0.214,0.501,14.0,73.2,0.226,763915.0,18632.0,2013
16,BOS,29,41,40,40,41,-0.22,-0.4,-0.62,103.1,103.3,-0.2,91.7,0.263,0.215,0.542,0.503,14.1,20.1,0.204,0.482,14.2,73.3,0.216,744960.0,18624.0,2013
17,DAL,29,41,41,39,43,-0.6,0.36,-0.24,105.9,106.5,-0.6,94.1,0.242,0.236,0.544,0.506,13.0,21.8,0.192,0.492,13.3,73.1,0.227,821490.0,20036.0,2013
18,MIL,26,38,44,37,45,-1.5,-0.33,-1.83,103.6,105.2,-1.6,94.7,0.236,0.232,0.51,0.476,12.7,27.9,0.174,0.492,14.4,71.3,0.201,616469.0,15036.0,2013
19,TOR,25,34,48,37,45,-1.48,-0.48,-1.96,105.9,107.5,-1.6,90.4,0.274,0.249,0.532,0.488,13.0,25.5,0.216,0.5,13.6,73.4,0.247,743936.0,18145.0,2013
20,MIN,26,31,51,34,48,-2.37,0.54,-1.83,102.9,105.4,-2.5,92.8,0.305,0.22,0.516,0.473,13.8,27.4,0.226,0.511,15.0,74.0,0.187,669956.0,16340.0,2013
21,WAS,25,29,53,33,49,-2.54,-0.25,-2.78,100.2,103.0,-2.8,92.2,0.261,0.223,0.512,0.475,14.2,24.6,0.191,0.483,13.7,74.6,0.206,670070.0,16343.0,2013
22,POR,24,33,49,32,50,-3.17,0.65,-2.53,105.8,109.2,-3.4,91.4,0.25,0.284,0.536,0.498,13.9,25.3,0.194,0.512,12.5,73.3,0.189,813012.0,19830.0,2013
23,PHI,25,34,48,31,51,-3.34,-0.17,-3.51,102.0,105.7,-3.7,91.0,0.2,0.209,0.509,0.481,12.5,24.9,0.146,0.495,13.7,73.4,0.2,685412.0,16717.0,2013
24,DET,25,29,53,29,53,-3.99,-0.34,-4.33,103.8,108.1,-4.3,90.8,0.282,0.217,0.521,0.487,14.3,28.3,0.197,0.505,13.1,73.0,0.209,606094.0,14685.0,2013
25,NOP,24,27,55,30,52,-3.87,0.75,-3.12,105.7,110.1,-4.4,88.5,0.248,0.224,0.528,0.489,14.0,29.2,0.193,0.52,13.1,74.4,0.208,565930.0,13803.0,2013
26,CLE,24,24,58,28,54,-4.68,-0.19,-4.87,104.3,109.4,-5.1,92.3,0.265,0.229,0.514,0.473,13.0,28.1,0.2,0.523,14.4,72.6,0.225,663882.0,16192.0,2013
27,SAC,25,28,54,28,54,-4.88,0.62,-4.26,106.2,111.4,-5.2,93.6,0.271,0.243,0.532,0.491,13.4,26.6,0.208,0.517,13.6,71.0,0.227,563743.0,13750.0,2013
28,PHX,26,25,57,23,59,-6.46,0.71,-5.75,101.2,108.1,-6.9,93.4,0.234,0.21,0.512,0.477,14.3,27.0,0.174,0.512,14.2,71.9,0.208,632913.0,15437.0,2013
29,ORL,24,20,62,22,60,-6.99,-0.14,-7.12,101.6,109.1,-7.5,92.2,0.197,0.223,0.514,0.485,13.7,25.4,0.149,0.508,11.8,74.6,0.195,722716.0,17627.0,2013
30,CHA,24,21,61,17,65,-9.23,-0.06,-9.29,101.5,111.5,-10.0,91.5,0.31,0.21,0.507,0.46,13.2,25.7,0.233,0.524,13.2,71.1,0.197,628293.0,15324.0,2013
1,SAS,28,62,20,61,21,7.72,0.28,8.0,110.5,102.4,8.1,95.0,0.24,0.257,0.571,0.537,13.5,22.7,0.188,0.482,12.8,76.4,0.184,755031.0,18415.0,2014
2,LAC,28,57,25,59,23,6.98,0.3,7.27,112.1,104.8,7.3,95.9,0.353,0.291,0.567,0.526,12.7,25.0,0.258,0.484,13.8,72.5,0.222,787692.0,19212.0,2014
3,OKC,26,59,23,58,24,6.34,0.32,6.66,110.5,103.9,6.6,95.4,0.303,0.271,0.566,0.52,14.0,26.5,0.244,0.488,13.9,75.6,0.221,746323.0,18203.0,2014
4,MIA,30,54,28,54,28,4.76,-0.61,4.15,110.9,105.8,5.1,91.2,0.3,0.292,0.59,0.554,14.6,20.6,0.228,0.511,15.8,73.0,0.212,811036.0,19781.0,2014
5,GSW,26,51,31,54,28,4.8,0.34,5.15,107.5,102.6,4.9,96.2,0.247,0.291,0.55,0.517,13.8,25.1,0.186,0.477,13.6,76.3,0.224,803436.0,19596.0,2014
6,IND,27,56,26,54,28,4.4,-0.77,3.63,104.1,99.3,4.8,92.5,0.29,0.235,0.535,0.49,14.3,24.9,0.226,0.46,12.9,76.8,0.197,717542.0,17501.0,2014
7,HOU,25,54,28,53,29,4.56,0.5,5.06,111.0,106.3,4.7,96.3,0.386,0.33,0.571,0.531,14.6,27.4,0.275,0.489,12.5,74.1,0.193,743082.0,18124.0,2014
8,POR,25,54,28,52,30,3.99,0.45,4.44,111.5,107.4,4.1,94.9,0.27,0.29,0.548,0.504,12.4,28.0,0.22,0.488,11.0,74.7,0.194,809612.0,19747.0,2014
9,TOR,25,48,34,50,32,3.24,-0.69,2.55,108.8,105.3,3.5,91.8,0.306,0.285,0.545,0.498,13.2,27.2,0.239,0.493,14.1,74.9,0.237,748339.0,18252.0,2014
10,PHX,26,48,34,48,34,2.63,0.39,3.02,109.5,106.7,2.8,95.8,0.293,0.3,0.558,0.519,14.0,26.4,0.222,0.496,13.9,73.7,0.237,650739.0,15872.0,2014
11,MIN,26,40,42,48,34,2.67,0.43,3.1,108.9,106.2,2.7,97.3,0.321,0.245,0.535,0.486,12.2,27.4,0.249,0.518,14.8,74.4,0.177,597157.0,14565.0,2014
12,DAL,30,49,33,48,34,2.4,0.5,2.91,111.2,108.7,2.5,93.5,0.253,0.274,0.564,0.526,12.7,24.6,0.201,0.515,14.8,72.7,0.229,817982.0,19951.0,2014
13,CHI,28,48,34,47,35,1.85,-0.66,1.2,102.5,100.5,2.0,90.2,0.29,0.222,0.518,0.471,14.2,27.2,0.226,0.471,13.7,75.4,0.189,890370.0,21716.0,2014
14,MEM,28,50,32,46,36,1.57,0.61,2.18,106.3,104.6,1.7,89.9,0.248,0.171,0.529,0.494,13.1,28.3,0.184,0.497,13.8,75.7,0.199,685458.0,16718.0,2014
15,WAS,26,44,38,45,37,1.27,-0.79,0.48,106.0,104.6,1.4,93.2,0.248,0.246,0.538,0.506,13.6,25.2,0.181,0.504,15.0,75.7,0.22,698068.0,17026.0,2014
16,CHA,25,43,39,40,42,-0.22,-0.67,-0.89,103.6,103.8,-0.2,92.4,0.297,0.219,0.522,0.481,11.7,21.9,0.219,0.491,12.6,77.6,0.183,636268.0,15519.0,2014
17,ATL,27,38,44,40,42,-0.48,-0.4,-0.88,105.9,106.4,-0.5,94.6,0.266,0.316,0.554,0.515,14.3,21.0,0.208,0.51,14.0,74.4,0.196,587927.0,14231.0,2014
18,NYK,28,37,45,39,43,-0.79,-0.61,-1.4,108.3,109.1,-0.8,90.3,0.248,0.302,0.541,0.505,12.5,25.1,0.189,0.514,14.0,74.3,0.245,812292.0,19812.0,2014
19,BKN,30,44,38,38,44,-1.0,-0.58,-1.58,106.7,107.7,-1.0,91.4,0.313,0.301,0.555,0.514,14.1,21.7,0.236,0.509,14.9,72.3,0.236,707331.0,17252.0,2014
20,DEN,26,36,46,35,47,-2.15,0.75,-1.4,106.0,108.2,-2.2,98.1,0.306,0.278,0.536,0.497,14.0,27.5,0.222,0.5,12.8,74.5,0.233,692898.0,16900.0,2014
21,NOP,24,34,48,33,49,-2.71,0.73,-1.98,107.2,110.1,-2.9,92.2,0.286,0.193,0.537,0.495,12.9,26.9,0.22,0.515,13.6,73.8,0.249,672029.0,16391.0,2014
22,SAC,24,28,54,33,49,-2.9,0.82,-2.08,105.7,108.8,-3.1,94.4,0.331,0.218,0.532,0.484,13.9,27.8,0.251,0.512,12.7,76.6,0.234,667949.0,16291.0,2014
23,CLE,24,33,49,32,50,-3.29,-0.57,-3.86,104.2,107.7,-3.5,93.1,0.268,0.236,0.518,0.479,13.0,27.2,0.201,0.508,13.0,75.8,0.199,710522.0,17330.0,2014
24,DET,24,29,53,31,51,-3.66,-0.48,-4.13,105.9,109.7,-3.8,94.9,0.296,0.222,0.514,0.482,12.9,31.4,0.199,0.52,13.8,73.4,0.218,616005.0,15025.0,2014
25,BOS,25,25,57,28,54,-4.46,-0.51,-4.97,102.9,107.7,-4.8,93.3,0.248,0.251,0.517,0.477,14.2,27.4,0.193,0.505,13.4,74.2,0.227,742400.0,18107.0,2014
26,ORL,24,23,59,26,56,-5.44,-0.44,-5.88,101.7,107.4,-5.7,93.6,0.253,0.235,0.525,0.487,13.9,22.4,0.193,0.504,13.0,75.5,0.211,666046.0,16245.0,2014
27,LAL,26,27,55,25,57,-6.29,0.96,-5.33,104.2,110.6,-6.4,98.7,0.263,0.291,0.542,0.505,13.7,20.2,0.199,0.513,12.4,71.0,0.192,771974.0,18829.0,2014
28,UTA,24,25,57,22,60,-7.17,0.91,-6.27,103.5,111.3,-7.8,91.4,0.271,0.237,0.523,0.484,13.9,25.5,0.202,0.518,12.1,74.5,0.227,745203.0,18176.0,2014
29,MIL,24,15,67,20,62,-8.18,-0.23,-8.41,103.0,111.8,-8.8,91.8,0.274,0.231,0.519,0.479,14.1,27.1,0.204,0.52,13.2,71.4,0.225,552067.0,13465.0,2014
30,PHI,23,19,63,16,66,-10.45,-0.21,-10.66,99.4,109.9,-10.5,99.2,0.268,0.258,0.51,0.475,14.8,24.8,0.19,0.524,14.9,72.4,0.244,568632.0,13869.0,2014
1,GSW,26,67,15,65,17,10.1,-0.09,10.01,111.6,101.4,10.2,98.3,0.239,0.311,0.571,0.54,13.1,24.1,0.184,0.47,14.3,74.5,0.217,803436.0,19596.0,2015
2,LAC,28,56,26,58,24,6.59,0.22,6.8,112.4,105.5,6.9,94.7,0.303,0.322,0.565,0.533,11.6,22.8,0.215,0.493,13.2,75.7,0.231,785892.0,19168.0,2015
3,SAS,29,55,27,58,24,6.2,0.14,6.34,108.5,102.0,6.5,93.8,0.256,0.269,0.555,0.517,13.1,23.4,0.2,0.484,13.3,77.3,0.19,762855.0,18606.0,2015
4,ATL,27,60,22,56,26,5.43,-0.68,4.75,108.9,103.1,5.8,93.9,0.259,0.321,0.563,0.527,13.5,21.4,0.201,0.492,14.9,73.4,0.185,713909.0,17412.0,2015
5,CLE,26,53,29,53,29,4.48,-0.4,4.08,111.1,106.3,4.8,92.3,0.287,0.334,0.557,0.52,13.4,26.8,0.216,0.502,12.6,74.7,0.177,843042.0,20562.0,2015
6,POR,27,51,31,53,29,4.23,0.18,4.41,108.2,103.7,4.5,94.2,0.225,0.316,0.544,0.508,12.6,24.2,0.18,0.476,11.3,76.2,0.182,798368.0,19472.0,2015
7,HOU,27,56,26,50,32,3.44,0.38,3.82,107.0,103.4,3.6,96.5,0.312,0.392,0.548,0.512,15.0,26.8,0.223,0.486,14.6,72.9,0.208,747412.0,18230.0,2015
8,MEM,29,55,27,50,32,3.24,0.38,3.62,105.7,102.2,3.5,92.0,0.276,0.184,0.531,0.489,12.6,24.7,0.214,0.492,14.5,75.3,0.183,710502.0,17329.0,2015
9,TOR,26,49,33,49,33,3.07,-0.62,2.45,111.0,107.7,3.3,92.8,0.295,0.302,0.553,0.508,12.0,25.6,0.232,0.506,13.4,73.3,0.208,809824.0,19752.0,2015
10,CHI,28,50,32,50,32,3.0,-0.46,2.54,107.5,104.3,3.2,92.8,0.304,0.269,0.536,0.489,12.9,27.0,0.238,0.473,11.3,74.4,0.182,886612.0,21625.0,2015
11,DAL,29,50,32,49,33,2.9,0.46,3.36,109.5,106.4,3.1,95.2,0.262,0.296,0.55,0.515,11.9,23.6,0.197,0.503,14.7,72.2,0.204,827702.0,20188.0,2015
12,OKC,25,45,37,47,35,2.18,0.28,2.47,107.8,105.5,2.3,95.7,0.284,0.262,0.532,0.492,13.1,28.9,0.214,0.489,12.4,75.6,0.213,746323.0,18203.0,2015
13,NOP,25,45,37,43,39,0.79,0.34,1.13,108.2,107.3,0.9,91.4,0.263,0.233,0.537,0.501,12.5,27.1,0.198,0.496,11.7,75.1,0.195,683757.0,16677.0,2015
14,WAS,28,46,36,43,39,0.72,-0.55,0.17,103.7,103.0,0.7,93.7,0.259,0.203,0.534,0.499,14.0,24.9,0.192,0.481,12.9,77.3,0.21,747796.0,18239.0,2015
15,MIL,24,41,41,42,40,0.43,-0.52,-0.09,102.7,102.2,0.5,94.1,0.258,0.223,0.536,0.499,15.5,25.4,0.195,0.487,15.9,73.3,0.221,593910.0,14813.0,2015
16,IND,28,38,44,42,40,0.28,-0.51,-0.23,103.5,103.2,0.3,93.2,0.266,0.255,0.523,0.484,13.1,24.0,0.201,0.478,12.0,77.9,0.217,691434.0,16864.0,2015
17,UTA,23,38,44,42,40,0.22,0.49,0.71,105.1,104.9,0.2,90.4,0.297,0.274,0.531,0.494,14.6,29.1,0.214,0.491,12.8,76.3,0.199,772059.0,18831.0,2015
18,BOS,25,40,42,41,41,0.16,-0.56,-0.4,104.7,104.5,0.2,95.8,0.233,0.28,0.523,0.489,12.5,24.7,0.176,0.494,13.7,75.0,0.208,721350.0,17594.0,2015
19,PHX,25,39,43,38,44,-0.9,0.52,-0.38,105.3,106.2,-0.9,96.3,0.251,0.291,0.537,0.501,13.7,24.5,0.191,0.497,14.0,73.5,0.221,693862.0,16923.0,2015
20,DET,25,32,50,38,44,-1.0,-0.39,-1.39,105.3,106.4,-1.1,92.8,0.261,0.29,0.515,0.482,12.3,27.7,0.184,0.502,13.2,75.0,0.192,625917.0,15266.0,2015
21,MIA,28,37,45,33,49,-2.6,-0.32,-2.92,103.9,106.7,-2.8,90.9,0.306,0.262,0.54,0.5,14.5,23.2,0.227,0.505,14.2,73.4,0.213,808223.0,19713.0,2015
22,BKN,28,38,44,33,49,-2.88,-0.25,-3.13,104.4,107.4,-3.0,92.7,0.267,0.24,0.529,0.491,13.0,23.9,0.2,0.506,12.9,73.7,0.185,698529.0,17037.0,2015
23,CHA,26,33,49,32,50,-3.17,-0.27,-3.44,100.1,103.5,-3.4,93.0,0.269,0.226,0.498,0.456,11.2,22.1,0.202,0.487,12.0,79.3,0.188,704886.0,17192.0,2015
24,DEN,26,30,52,31,51,-3.55,0.48,-3.07,104.5,108.2,-3.7,96.1,0.278,0.284,0.518,0.479,12.7,26.6,0.204,0.504,13.0,74.7,0.239,602707.0,14700.0,2015
25,SAC,26,29,53,31,51,-3.71,0.64,-3.07,105.3,109.2,-3.9,95.4,0.363,0.204,0.542,0.49,14.8,26.5,0.276,0.507,11.8,75.2,0.2,680049.0,16587.0,2015
26,ORL,24,25,57,25,57,-5.72,-0.15,-5.87,101.6,107.7,-6.1,93.8,0.23,0.235,0.524,0.494,14.0,23.1,0.168,0.514,13.6,76.0,0.21,688194.0,16785.0,2015
27,LAL,27,21,61,23,59,-6.84,0.67,-6.17,103.4,110.6,-7.2,94.0,0.276,0.22,0.513,0.473,12.1,25.4,0.204,0.518,12.1,76.3,0.231,768244.0,18738.0,2015
28,MIN,24,16,66,19,63,-8.79,0.79,-8.0,102.9,112.2,-9.3,94.4,0.309,0.179,0.517,0.468,13.7,26.6,0.24,0.537,13.9,71.6,0.187,595652.0,14416.0,2015
29,PHI,23,18,64,18,64,-8.98,-0.07,-9.04,95.5,104.8,-9.3,95.7,0.288,0.319,0.494,0.459,16.0,25.5,0.195,0.497,15.2,73.0,0.225,571572.0,13941.0,2015
30,NYK,26,17,65,17,65,-9.32,-0.18,-9.5,99.9,110.0,-10.1,91.2,0.234,0.24,0.508,0.47,14.0,24.5,0.18,0.512,13.3,73.1,0.234,812292.0,19812.0,2015
1,SAS,30,67,15,67,15,10.63,-0.36,10.28,110.3,99.0,11.3,93.8,0.246,0.223,0.564,0.526,12.4,23.0,0.197,0.477,14.1,79.1,0.182,756445.0,18450.0,2016
2,GSW,27,73,9,65,17,10.76,-0.38,10.38,114.5,103.8,10.7,99.3,0.25,0.362,0.593,0.563,13.5,23.5,0.191,0.479,12.6,76.0,0.208,803436.0,19596.0,2016
3,OKC,25,55,27,59,23,7.28,-0.19,7.09,113.1,105.6,7.5,96.7,0.292,0.275,0.565,0.524,14.0,31.1,0.228,0.484,11.7,76.0,0.205,746323.0,18203.0,2016
4,CLE,28,57,25,57,25,6.0,-0.55,5.45,110.9,104.5,6.4,93.3,0.259,0.352,0.558,0.524,12.7,25.1,0.194,0.496,12.6,78.5,0.205,843042.0,20562.0,2016
5,TOR,26,56,26,53,29,4.5,-0.42,4.08,110.0,105.2,4.8,92.9,0.328,0.287,0.552,0.504,12.3,24.6,0.255,0.498,12.7,77.7,0.201,812863.0,19826.0,2016
6,LAC,29,53,29,53,29,4.28,-0.15,4.13,108.3,103.8,4.5,95.8,0.318,0.324,0.556,0.524,12.1,20.1,0.22,0.48,13.8,73.8,0.222,786910.0,19193.0,2016
7,ATL,28,48,34,51,31,3.61,-0.12,3.49,105.1,101.4,3.7,97.1,0.237,0.336,0.552,0.516,13.8,19.1,0.185,0.48,14.4,74.6,0.194,690150.0,16833.0,2016
8,BOS,25,48,34,50,32,3.21,-0.37,2.84,106.8,103.6,3.2,98.5,0.264,0.293,0.531,0.488,12.1,25.1,0.208,0.487,14.6,74.6,0.231,749076.0,18270.0,2016
9,CHA,26,48,34,49,33,2.72,-0.36,2.36,107.1,104.3,2.8,95.7,0.28,0.348,0.545,0.502,11.7,20.0,0.222,0.496,12.5,79.8,0.191,716894.0,17485.0,2016
10,UTA,24,40,42,46,36,1.79,0.05,1.84,105.9,103.9,2.0,91.0,0.286,0.297,0.54,0.501,14.2,25.9,0.213,0.495,13.5,77.7,0.21,791489.0,19305.0,2016
11,MIA,28,48,34,46,36,1.65,-0.14,1.5,106.1,104.4,1.7,93.6,0.282,0.221,0.545,0.508,13.3,23.8,0.21,0.485,12.1,77.8,0.196,809350.0,19740.0,2016
12,IND,26,45,37,46,36,1.71,-0.09,1.62,104.6,102.9,1.7,96.6,0.268,0.27,0.536,0.497,13.5,23.4,0.205,0.489,14.3,76.0,0.205,690733.0,16847.0,2016
13,POR,24,44,38,43,39,0.83,0.15,0.98,108.8,108.0,0.8,96.0,0.268,0.332,0.548,0.511,13.2,25.9,0.202,0.503,12.1,76.2,0.225,794085.0,19368.0,2016
14,DET,25,44,38,43,39,0.61,-0.18,0.43,106.1,105.5,0.6,95.1,0.296,0.303,0.522,0.491,12.2,27.0,0.197,0.504,12.5,79.3,0.196,677138.0,16516.0,2016
15,HOU,27,41,41,42,40,0.2,0.14,0.34,108.3,108.1,0.2,97.6,0.352,0.37,0.553,0.516,14.2,25.7,0.244,0.516,14.7,72.8,0.219,737244.0,17982.0,2016
16,DAL,30,42,40,40,42,-0.3,0.29,-0.02,106.7,107.0,-0.3,94.3,0.265,0.339,0.544,0.502,12.0,20.6,0.211,0.504,12.8,76.2,0.198,825901.0,20144.0,2016
17,WAS,27,41,41,40,42,-0.5,0.0,-0.5,105.3,105.8,-0.5,98.5,0.263,0.282,0.544,0.511,13.1,20.6,0.192,0.515,14.6,77.7,0.218,725426.0,17693.0,2016
18,CHI,27,42,40,37,45,-1.48,0.01,-1.46,105.0,106.5,-1.5,95.7,0.24,0.244,0.526,0.487,12.6,24.5,0.189,0.485,10.7,74.9,0.182,894659.0,21821.0,2016
19,ORL,23,35,47,36,46,-1.62,-0.06,-1.68,105.1,106.8,-1.7,96.0,0.232,0.255,0.533,0.5,12.8,23.1,0.175,0.513,13.8,76.5,0.215,719275.0,17515.0,2016
20,SAC,26,33,49,34,48,-2.48,0.16,-2.32,106.0,108.4,-2.4,100.0,0.295,0.26,0.546,0.51,14.2,23.9,0.214,0.521,14.0,74.9,0.202,707526.0,17222.0,2016
21,MEM,30,42,40,35,47,-2.24,0.11,-2.14,105.4,107.8,-2.4,93.3,0.295,0.222,0.524,0.477,12.3,25.3,0.231,0.518,15.2,75.1,0.251,701894.0,17119.0,2016
22,NYK,27,32,50,33,49,-2.73,0.0,-2.74,104.6,107.6,-3.0,93.4,0.255,0.256,0.527,0.483,12.6,23.7,0.205,0.487,10.5,75.8,0.204,812292.0,19812.0,2016
23,DEN,24,33,49,33,49,-3.1,0.29,-2.81,105.6,108.9,-3.3,95.7,0.282,0.277,0.531,0.489,13.2,25.8,0.216,0.515,12.6,77.3,0.216,577898.0,14095.0,2016
24,MIN,24,29,53,31,51,-3.54,0.15,-3.38,106.5,110.1,-3.6,95.2,0.332,0.202,0.549,0.498,13.9,24.3,0.263,0.524,13.6,74.7,0.2,581178.0,14175.0,2016
25,NOP,26,30,52,31,51,-3.79,0.24,-3.56,105.6,109.5,-3.9,96.8,0.259,0.277,0.537,0.498,12.3,21.2,0.201,0.523,12.7,78.8,0.225,688549.0,16794.0,2016
26,MIL,23,33,49,29,53,-4.18,0.2,-3.98,104.3,108.7,-4.4,94.2,0.276,0.189,0.537,0.499,14.2,24.9,0.207,0.51,14.2,73.1,0.221,621808.0,15166.0,2016
27,PHX,26,23,59,24,58,-6.66,0.34,-6.32,102.2,109.0,-6.8,98.5,0.271,0.302,0.526,0.487,15.2,25.4,0.204,0.523,13.5,77.1,0.237,701405.0,17107.0,2016
28,BKN,26,21,61,22,60,-7.35,0.24,-7.12,103.2,110.9,-7.7,95.2,0.246,0.218,0.527,0.492,13.6,24.1,0.186,0.534,13.1,75.7,0.176,620142.0,15125.0,2016
29,LAL,26,17,65,17,65,-9.56,0.64,-8.92,101.6,111.6,-10.0,95.6,0.292,0.29,0.509,0.46,12.5,23.1,0.228,0.523,11.6,74.7,0.202,778877.0,18997.0,2016
30,PHI,23,10,72,16,66,-10.23,0.31,-9.92,98.8,109.2,-10.4,97.9,0.269,0.327,0.519,0.487,14.8,20.6,0.186,0.51,13.5,74.0,0.24,614650.0,14991.0,2016
1,GSW,28,67,15,67,15,11.63,-0.28,11.35,115.6,104.0,11.6,99.8,0.259,0.359,0.597,0.563,13.2,22.8,0.204,0.486,13.5,74.9,0.198,803436.0,19596.0,2017
2,SAS,29,61,21,60,22,7.2,-0.06,7.13,111.1,103.5,7.6,94.2,0.263,0.281,0.564,0.524,12.6,24.0,0.21,0.492,13.5,77.6,0.192,755347.0,18423.0,2017
3,HOU,27,55,27,55,27,5.77,0.08,5.84,114.7,109.0,5.7,100.0,0.304,0.462,0.583,0.545,13.3,24.6,0.233,0.519,13.2,75.8,0.194,695903.0,16973.0,2017
4,TOR,26,51,31,52,30,4.21,-0.56,3.65,112.3,107.8,4.5,94.7,0.293,0.289,0.561,0.517,11.8,25.0,0.233,0.507,13.5,76.3,0.223,813050.0,19830.0,2017
5,LAC,30,51,31,52,30,4.29,0.13,4.42,112.7,108.2,4.5,96.1,0.312,0.329,0.574,0.537,12.0,21.5,0.233,0.506,12.1,76.9,0.211,782609.0,19088.0,2017
6,UTA,26,51,31,52,30,3.94,0.06,4.0,109.6,105.3,4.3,91.6,0.288,0.327,0.563,0.526,13.2,23.2,0.215,0.493,11.8,78.9,0.195,806142.0,19662.0,2017
7,CLE,29,51,31,49,33,3.18,-0.31,2.87,113.6,110.3,3.3,96.2,0.275,0.399,0.58,0.547,12.6,21.9,0.206,0.516,11.4,75.8,0.174,843042.0,20562.0,2017
8,BOS,25,53,29,48,34,2.63,-0.39,2.25,111.2,108.4,2.8,96.8,0.273,0.393,0.567,0.525,12.2,21.2,0.22,0.503,12.6,75.3,0.223,760690.0,18553.0,2017
9,WAS,26,49,33,46,36,1.8,-0.45,1.36,111.2,109.3,1.9,97.4,0.254,0.284,0.564,0.528,12.8,24.1,0.199,0.524,13.8,75.5,0.213,697107.0,17003.0,2017
10,MIA,26,41,41,44,38,1.06,-0.29,0.77,107.8,106.7,1.1,95.2,0.251,0.314,0.541,0.512,12.4,24.2,0.177,0.496,12.6,76.4,0.22,805400.0,19644.0,2017
11,OKC,24,47,35,43,39,0.76,0.39,1.14,108.3,107.5,0.8,97.8,0.295,0.295,0.54,0.5,13.2,27.9,0.22,0.511,12.5,79.0,0.218,746323.0,18203.0,2017
12,MEM,29,43,39,42,40,0.49,0.47,0.96,107.7,107.1,0.6,92.3,0.28,0.316,0.535,0.491,12.1,24.8,0.219,0.506,13.6,77.5,0.256,677314.0,16520.0,2017
13,DEN,25,40,42,42,40,0.51,0.19,0.7,113.2,112.7,0.5,98.3,0.276,0.329,0.568,0.53,13.2,27.3,0.214,0.532,10.9,78.7,0.194,605585.0,14672.0,2017
14,CHI,26,41,41,42,40,0.43,-0.39,0.03,107.4,107.0,0.4,95.3,0.259,0.256,0.53,0.487,12.3,27.0,0.206,0.507,12.4,76.8,0.169,888882.0,21680.0,2017
15,CHA,26,36,46,42,40,0.2,-0.26,-0.07,108.8,108.6,0.2,95.7,0.279,0.335,0.547,0.501,10.7,19.9,0.227,0.523,12.1,79.6,0.164,710643.0,17333.0,2017
16,IND,27,42,40,40,42,-0.22,-0.42,-0.64,108.6,108.8,-0.2,95.9,0.261,0.272,0.558,0.516,12.8,21.2,0.212,0.512,13.6,75.5,0.225,684578.0,16697.0,2017
17,MIL,25,42,40,40,42,-0.18,-0.26,-0.45,109.1,109.3,-0.2,94.5,0.274,0.29,0.565,0.527,13.2,21.5,0.21,0.518,13.6,75.4,0.215,648952.0,15828.0,2017
18,POR,24,41,41,40,42,-0.52,0.3,-0.23,110.3,110.8,-0.5,96.7,0.275,0.322,0.559,0.52,12.5,23.0,0.214,0.508,11.6,76.8,0.241,792029.0,19318.0,2017
19,ATL,27,43,39,39,43,-0.85,-0.38,-1.23,104.9,105.7,-0.8,97.4,0.295,0.309,0.541,0.504,14.2,23.6,0.215,0.507,13.8,76.1,0.179,654306.0,15959.0,2017
20,DET,25,37,45,38,44,-1.12,-0.17,-1.29,106.0,107.1,-1.1,95.0,0.218,0.263,0.521,0.492,10.9,24.1,0.157,0.516,12.1,81.2,0.197,655141.0,15979.0,2017
21,MIN,24,31,51,38,44,-1.11,0.47,-0.64,110.8,112.0,-1.2,94.6,0.287,0.249,0.555,0.511,12.9,27.2,0.229,0.535,13.2,75.9,0.212,607203.0,14810.0,2017
22,NOP,25,34,48,35,47,-2.1,0.41,-1.69,105.2,107.4,-2.2,98.0,0.256,0.308,0.539,0.504,11.7,18.5,0.192,0.509,12.4,76.8,0.177,663099.0,16173.0,2017
23,DAL,27,33,49,33,49,-2.93,0.4,-2.53,105.6,108.8,-3.2,92.2,0.225,0.366,0.541,0.505,11.6,18.1,0.18,0.529,14.4,77.6,0.218,811366.0,19789.0,2017
24,NYK,27,31,51,31,51,-3.67,-0.2,-3.87,107.7,111.5,-3.8,96.0,0.239,0.279,0.534,0.496,12.4,26.6,0.188,0.511,11.7,74.1,0.214,810741.0,19774.0,2017
25,SAC,27,32,50,31,51,-3.88,0.58,-3.29,107.3,111.3,-4.0,94.9,0.284,0.291,0.556,0.516,13.7,21.0,0.22,0.528,12.9,76.3,0.227,721928.0,17608.0,2017
26,PHX,25,24,58,27,55,-5.63,0.49,-5.14,106.6,112.2,-5.6,100.3,0.297,0.255,0.538,0.493,13.4,26.0,0.231,0.525,13.1,76.4,0.264,708639.0,17134.0,2017
27,PHI,24,28,54,26,56,-5.7,-0.14,-5.83,103.2,108.9,-5.7,98.5,0.258,0.349,0.539,0.501,14.9,22.4,0.199,0.512,13.5,75.3,0.234,710557.0,17331.0,2017
28,BKN,26,20,62,24,58,-6.73,-0.01,-6.74,104.1,110.7,-6.6,101.3,0.289,0.371,0.551,0.507,14.7,19.6,0.228,0.513,11.6,76.1,0.212,632608.0,15429.0,2017
29,ORL,25,29,53,24,58,-6.57,-0.04,-6.61,103.7,110.5,-6.8,96.8,0.246,0.3,0.524,0.489,12.1,21.6,0.184,0.523,11.9,77.4,0.201,727875.0,17753.0,2017
30,LAL,25,26,56,24,58,-6.88,0.58,-6.29,106.0,113.0,-7.0,98.5,0.259,0.295,0.537,0.501,13.5,25.0,0.195,0.542,13.0,75.8,0.213,776917.0,18949.0,2017
1,HOU,29,65,17,61,21,8.48,-0.27,8.21,114.7,106.1,8.6,97.6,0.298,0.502,0.59,0.551,12.7,21.3,0.233,0.521,13.4,79.9,0.171,732722.0,17871.0,2018
2,TOR,25,59,23,60,22,7.78,-0.49,7.29,113.8,105.9,7.9,97.4,0.25,0.377,0.575,0.539,12.1,23.0,0.198,0.501,13.0,77.7,0.212,813431.0,19840.0,2018
3,GSW,28,58,24,56,26,5.98,-0.19,5.79,113.6,107.6,6.0,99.6,0.239,0.339,0.603,0.569,14.1,21.0,0.195,0.504,12.6,76.3,0.186,803436.0,19596.0,2018
4,UTA,26,48,34,53,29,4.3,0.17,4.47,108.4,103.9,4.5,95.7,0.26,0.357,0.564,0.527,13.7,21.5,0.202,0.506,14.0,79.8,0.19,734806.0,17922.0,2018
5,PHI,25,52,30,53,29,4.5,-0.2,4.3,109.5,105.0,4.5,99.8,0.263,0.344,0.568,0.535,14.6,25.3,0.198,0.492,12.6,78.6,0.218,833503.0,20361.0,2018
6,BOS,24,55,27,51,31,3.59,-0.35,3.23,107.6,103.9,3.7,96.0,0.243,0.357,0.552,0.518,13.0,21.5,0.188,0.495,13.0,78.4,0.191,763584.0,18624.0,2018
7,OKC,27,48,34,50,32,3.41,0.0,3.42,110.7,107.2,3.5,96.7,0.275,0.345,0.546,0.514,12.4,27.7,0.197,0.525,14.7,77.4,0.193,746322.0,18203.0,2018
8,SAS,29,47,35,49,33,2.89,0.0,2.89,107.9,104.8,3.1,95.0,0.245,0.282,0.543,0.507,12.2,23.7,0.189,0.507,13.2,78.6,0.17,754562.0,18404.0,2018
9,POR,25,49,33,48,34,2.6,0.0,2.6,109.1,106.4,2.7,96.5,0.24,0.324,0.549,0.511,12.3,23.3,0.192,0.503,11.7,79.1,0.193,795750.0,19409.0,2018
10,MIN,27,47,35,47,35,2.23,0.12,2.35,113.4,111.1,2.3,96.0,0.28,0.261,0.566,0.523,11.4,24.4,0.225,0.539,13.9,76.4,0.189,699308.0,17056.0,2018
11,DEN,25,46,36,45,37,1.48,0.09,1.57,112.5,111.0,1.5,96.8,0.258,0.357,0.57,0.536,13.4,25.7,0.198,0.539,12.6,77.5,0.173,702796.0,17141.0,2018
12,IND,26,48,34,45,37,1.38,-0.2,1.18,109.5,108.1,1.4,96.0,0.222,0.284,0.557,0.525,12.3,22.7,0.173,0.527,14.2,76.2,0.174,658119.0,16052.0,2018
13,NOP,27,48,34,44,38,1.3,0.18,1.48,109.6,108.3,1.3,100.5,0.237,0.319,0.573,0.541,13.3,20.0,0.183,0.513,12.5,76.7,0.175,673920.0,16437.0,2018
14,CLE,30,50,32,43,39,0.94,-0.35,0.59,112.9,111.9,1.0,98.0,0.275,0.379,0.584,0.547,12.6,20.1,0.214,0.54,12.2,77.3,0.166,843042.0,20562.0,2018
15,WAS,26,43,39,43,39,0.59,-0.06,0.53,109.3,108.7,0.6,96.6,0.254,0.31,0.56,0.525,13.3,23.5,0.196,0.522,13.6,77.1,0.212,739302.0,18032.0,2018
16,MIA,26,44,38,42,40,0.48,-0.33,0.15,106.8,106.3,0.5,95.6,0.229,0.358,0.551,0.52,13.3,21.5,0.173,0.507,13.1,79.0,0.215,804850.0,19630.0,2018
17,CHA,26,36,46,42,40,0.26,-0.19,0.07,109.4,109.1,0.3,98.4,0.312,0.314,0.549,0.508,11.4,22.2,0.233,0.532,12.4,80.7,0.165,671404.0,16376.0,2018
18,LAC,27,42,40,41,41,0.04,0.11,0.15,110.3,110.2,0.1,98.7,0.299,0.314,0.564,0.527,13.2,23.5,0.222,0.52,12.6,76.1,0.203,697812.0,17020.0,2018
19,DET,25,39,43,41,41,-0.15,-0.11,-0.26,107.2,107.3,-0.1,96.2,0.227,0.333,0.543,0.512,12.3,22.7,0.169,0.524,13.7,78.5,0.172,713945.0,17413.0,2018
20,MIL,25,44,38,40,42,-0.3,-0.15,-0.45,109.8,110.1,-0.3,96.2,0.281,0.297,0.571,0.531,12.9,20.4,0.22,0.528,14.2,75.9,0.22,685303.0,16856.0,2018
21,LAL,23,35,47,37,45,-1.55,0.11,-1.44,106.5,108.0,-1.5,100.3,0.264,0.329,0.548,0.517,13.8,23.6,0.188,0.514,12.5,77.7,0.19,776327.0,18935.0,2018
22,DAL,27,24,58,33,49,-3.04,0.34,-2.7,106.3,109.5,-3.2,95.6,0.217,0.382,0.544,0.513,11.6,18.0,0.166,0.532,12.9,78.9,0.193,811453.0,19792.0,2018
23,NYK,26,29,53,32,50,-3.56,0.03,-3.53,107.1,110.7,-3.6,96.8,0.216,0.266,0.544,0.51,13.3,24.1,0.17,0.522,12.2,76.7,0.208,792608.0,19332.0,2018
24,BKN,25,28,54,31,51,-3.74,0.07,-3.67,106.9,110.6,-3.7,98.9,0.26,0.411,0.551,0.514,13.6,21.0,0.201,0.517,11.0,77.0,0.201,640010.0,15376.0,2018
25,ORL,25,25,57,28,54,-4.82,-0.1,-4.92,105.2,110.1,-4.9,98.1,0.238,0.342,0.545,0.512,13.3,20.0,0.18,0.525,12.8,75.6,0.187,734531.0,17915.0,2018
26,ATL,25,24,58,27,55,-5.45,0.15,-5.3,105.0,110.6,-5.6,98.3,0.236,0.363,0.547,0.512,14.1,21.1,0.185,0.536,13.6,76.2,0.183,590769.0,14409.0,2018
27,MEM,26,22,60,25,57,-6.21,0.39,-5.81,104.5,111.0,-6.5,94.9,0.255,0.317,0.539,0.5,14.0,22.4,0.201,0.529,13.8,76.5,0.256,653863.0,15948.0,2018
28,CHI,24,27,55,23,59,-7.04,0.2,-6.84,103.8,110.9,-7.1,98.3,0.216,0.35,0.529,0.497,12.6,20.6,0.164,0.542,12.4,80.6,0.184,851824.0,20776.0,2018
29,SAC,26,27,55,23,59,-6.99,0.39,-6.6,103.7,111.1,-7.4,94.9,0.194,0.278,0.529,0.502,12.8,21.5,0.143,0.542,13.5,77.6,0.199,714680.0,17431.0,2018
30,PHX,23,21,61,19,63,-9.37,0.57,-8.8,103.5,112.8,-9.3,100.3,0.275,0.32,0.532,0.495,13.9,22.5,0.203,0.533,11.9,76.5,0.212,690576.0,16843.0,2018
1,MIL,26,60,22,61,21,8.87,-0.82,8.04,113.8,105.2,8.6,103.3,0.255,0.419,0.583,0.55,12.0,20.8,0.197,0.503,11.5,80.3,0.162,721692.0,17602.0,2019
2,GSW,28,57,25,56,26,6.46,-0.04,6.42,115.9,109.5,6.4,100.9,0.227,0.384,0.596,0.565,12.6,22.5,0.182,0.508,11.7,77.1,0.205,803436.0,19596.0,2019
3,TOR,27,58,24,56,26,6.09,-0.6,5.49,113.1,107.1,6.0,100.2,0.247,0.379,0.579,0.543,12.4,21.9,0.198,0.509,13.1,77.1,0.19,812822.0,19825.0,2019
4,UTA,27,50,32,54,28,5.26,0.03,5.28,110.9,105.7,5.2,100.3,0.295,0.394,0.572,0.538,13.4,22.9,0.217,0.507,12.4,80.3,0.189,750546.0,18306.0,2019
5,HOU,29,53,29,53,29,4.77,0.19,4.96,115.5,110.7,4.8,97.9,0.279,0.519,0.581,0.542,12.0,22.8,0.221,0.525,13.4,74.4,0.21,740392.0,18058.0,2019
6,BOS,25,49,33,52,30,4.44,-0.54,3.9,112.2,107.8,4.4,99.6,0.215,0.381,0.567,0.534,11.5,21.6,0.173,0.514,13.4,77.0,0.198,763584.0,18624.0,2019
7,POR,26,53,29,51,31,4.2,0.24,4.43,114.7,110.5,4.2,99.1,0.258,0.339,0.568,0.528,12.1,26.6,0.21,0.516,11.0,77.9,0.195,799345.0,19496.0,2019
8,DEN,24,54,28,51,31,3.95,0.24,4.19,113.0,108.9,4.1,97.7,0.232,0.348,0.558,0.527,11.9,26.6,0.175,0.521,12.3,78.0,0.194,756457.0,18450.0,2019
9,IND,27,48,34,50,32,3.33,-0.57,2.76,109.9,106.5,3.4,98.1,0.242,0.292,0.561,0.53,12.4,21.9,0.182,0.516,14.1,76.2,0.184,689310.0,16812.0,2019
10,OKC,25,49,33,50,32,3.4,0.15,3.56,110.3,107.0,3.3,102.8,0.266,0.347,0.545,0.514,11.7,26.0,0.19,0.523,14.4,78.2,0.206,746323.0,18203.0,2019
11,PHI,26,51,31,48,34,2.7,-0.44,2.25,112.6,110.0,2.6,101.6,0.312,0.342,0.574,0.532,12.9,24.5,0.241,0.512,11.1,78.6,0.206,838342.0,20447.0,2019
12,SAS,28,48,34,45,37,1.68,0.12,1.8,112.9,111.2,1.7,98.3,0.237,0.286,0.572,0.534,11.0,21.0,0.194,0.528,11.0,79.4,0.17,750616.0,18308.0,2019
13,LAC,27,48,34,43,39,0.85,0.23,1.09,112.4,111.5,0.9,101.7,0.326,0.295,0.575,0.529,12.7,22.0,0.258,0.514,11.4,76.0,0.224,710327.0,17325.0,2019
14,ORL,25,42,40,43,39,0.71,-0.43,0.28,108.9,108.1,0.8,98.1,0.216,0.36,0.55,0.518,11.9,22.0,0.168,0.515,11.8,79.7,0.186,720024.0,17431.0,2019
15,BKN,25,42,40,41,41,-0.07,-0.33,-0.4,109.6,109.7,-0.1,100.8,0.284,0.403,0.556,0.52,13.0,23.8,0.211,0.512,11.6,76.4,0.19,612597.0,14941.0,2019
16,DET,26,41,41,40,42,-0.24,-0.31,-0.56,109.0,109.2,-0.2,97.4,0.262,0.394,0.544,0.509,12.3,24.8,0.195,0.526,12.8,78.7,0.211,675963.0,16487.0,2019
17,MIA,27,39,43,40,42,-0.23,-0.22,-0.45,107.3,107.6,-0.3,98.2,0.247,0.368,0.542,0.515,13.1,24.8,0.172,0.51,12.7,77.6,0.201,805264.0,19641.0,2019
18,SAC,24,39,43,38,44,-1.12,0.31,-0.81,110.4,111.5,-1.1,103.1,0.244,0.321,0.554,0.524,11.5,23.1,0.177,0.533,13.6,75.5,0.207,700975.0,17097.0,2019
19,CHA,26,39,43,38,44,-1.1,-0.22,-1.32,111.4,112.5,-1.1,98.7,0.257,0.378,0.554,0.514,10.9,21.7,0.205,0.538,12.1,77.1,0.179,676570.0,16502.0,2019
20,NOP,25,33,49,38,44,-1.33,0.23,-1.1,111.4,112.6,-1.2,103.3,0.254,0.324,0.563,0.529,12.6,24.1,0.193,0.532,11.6,76.8,0.193,656183.0,16004.0,2019
21,DAL,26,33,49,38,44,-1.28,0.42,-0.87,109.4,110.7,-1.3,99.0,0.291,0.422,0.555,0.519,12.7,22.7,0.216,0.522,11.6,77.5,0.191,820569.0,20014.0,2019
22,MIN,26,36,46,37,45,-1.5,0.48,-1.02,111.4,112.9,-1.5,100.2,0.267,0.315,0.552,0.511,11.4,24.6,0.21,0.538,12.9,74.9,0.19,627543.0,15306.0,2019
23,LAL,26,37,45,37,45,-1.72,0.39,-1.33,107.8,109.5,-1.7,103.2,0.257,0.342,0.554,0.527,13.4,22.2,0.18,0.516,12.2,76.4,0.192,778877.0,18997.0,2019
24,MEM,27,33,49,34,48,-2.6,0.51,-2.08,106.1,108.8,-2.7,96.6,0.272,0.342,0.548,0.508,12.9,20.0,0.21,0.521,13.9,77.6,0.232,638332.0,15569.0,2019
25,WAS,26,32,50,34,48,-2.9,-0.4,-3.3,111.1,113.9,-2.8,101.4,0.266,0.37,0.567,0.531,12.3,21.3,0.204,0.546,13.5,74.1,0.199,716996.0,17448.0,2019
26,ATL,25,29,53,27,55,-6.02,-0.04,-6.06,108.1,113.9,-5.8,103.9,0.255,0.403,0.555,0.522,14.3,24.7,0.192,0.541,12.8,76.4,0.237,628440.0,15328.0,2019
27,CHI,24,22,60,21,61,-8.41,0.1,-8.32,104.8,113.2,-8.4,99.0,0.235,0.295,0.541,0.505,12.7,19.4,0.184,0.541,11.9,77.3,0.188,823475.0,20085.0,2019
28,NYK,23,17,65,19,63,-9.21,0.28,-8.93,104.5,113.7,-9.2,99.6,0.27,0.334,0.529,0.49,12.4,22.1,0.205,0.533,11.7,76.1,0.203,779087.0,19002.0,2019
29,PHX,24,19,63,19,63,-9.34,0.73,-8.61,105.9,115.1,-9.2,100.5,0.259,0.335,0.552,0.514,13.8,20.5,0.202,0.545,13.5,72.5,0.236,627023.0,15293.0,2019
30,CLE,25,19,63,19,63,-9.61,0.22,-9.39,107.7,117.6,-9.9,96.6,0.236,0.332,0.54,0.503,12.2,23.7,0.187,0.564,11.5,77.0,0.181,793337.0,19350.0,2019
1,MIL,29,56,17,57,16,10.08,-0.67,9.41,112.4,102.9,9.5,105.1,0.271,0.428,0.583,0.552,12.9,20.7,0.201,0.489,12.0,81.6,0.178,549036.0,17711.0,2020
2,BOS,25,48,24,50,22,6.31,-0.47,5.83,113.3,107.0,6.3,99.5,0.259,0.386,0.57,0.531,12.2,23.9,0.207,0.509,13.5,77.4,0.215,610864.0,19090.0,2020
3,LAC,27,49,23,50,22,6.44,0.21,6.66,113.9,107.6,6.3,101.5,0.295,0.375,0.577,0.535,12.6,23.5,0.233,0.506,12.2,77.6,0.206,610176.0,19068.0,2020
4,TOR,26,53,19,50,22,6.24,-0.26,5.97,111.1,105.0,6.1,100.9,0.264,0.421,0.574,0.536,13.1,21.3,0.21,0.502,14.6,76.7,0.202,633456.0,19796.0,2020
5,LAL,29,52,19,48,23,5.79,0.49,6.28,112.0,106.3,5.7,100.9,0.276,0.358,0.573,0.542,13.3,24.5,0.201,0.515,14.1,78.8,0.205,588907.0,18997.0,2020
6,DAL,26,43,32,49,26,4.95,-0.07,4.87,116.7,111.7,5.0,99.3,0.264,0.457,0.581,0.545,11.2,23.2,0.206,0.525,10.6,77.7,0.175,682096.0,20062.0,2020
7,MIA,25,44,29,43,30,2.95,-0.35,2.59,112.5,109.5,3.0,98.3,0.299,0.419,0.587,0.547,13.5,20.3,0.234,0.523,12.6,79.5,0.213,629771.0,19680.0,2020
8,HOU,29,44,28,42,30,2.96,0.17,3.13,112.9,110.1,2.8,103.7,0.288,0.501,0.578,0.537,12.6,21.0,0.228,0.529,13.7,75.6,0.197,578458.0,18077.0,2020
9,UTA,27,44,28,42,30,2.47,0.05,2.52,112.3,109.9,2.4,98.6,0.268,0.414,0.585,0.549,13.7,21.6,0.208,0.518,11.1,78.9,0.185,567486.0,18306.0,2020
10,PHI,26,43,30,42,31,2.38,-0.13,2.25,111.3,109.0,2.3,99.0,0.255,0.36,0.566,0.534,12.7,23.9,0.193,0.523,12.5,80.3,0.214,639491.0,20629.0,2020
11,DEN,25,46,27,41,32,2.11,0.24,2.35,113.1,111.0,2.1,97.1,0.235,0.344,0.567,0.535,12.3,24.8,0.183,0.533,12.9,76.8,0.198,633153.0,19186.0,2020
12,IND,25,45,28,41,32,1.96,-0.33,1.63,110.0,108.0,2.0,98.9,0.216,0.317,0.565,0.534,12.0,20.0,0.17,0.511,13.0,76.7,0.192,529002.0,16531.0,2020
13,OKC,25,44,28,41,31,1.99,0.34,2.33,110.8,108.8,2.0,98.8,0.29,0.353,0.573,0.53,12.4,19.3,0.231,0.518,12.6,76.8,0.173,600699.0,18203.0,2020
14,PHX,24,34,39,37,36,0.22,0.35,0.56,111.7,111.4,0.3,101.3,0.271,0.361,0.576,0.532,13.0,22.2,0.226,0.539,13.7,78.8,0.221,550633.0,15606.0,2020
15,BKN,26,35,37,35,37,-0.57,-0.44,-1.01,108.9,109.5,-0.6,101.4,0.267,0.423,0.554,0.52,13.1,23.2,0.199,0.511,11.0,77.8,0.187,524907.0,16403.0,2020
16,ORL,26,33,40,34,39,-1.01,0.09,-0.93,108.5,109.5,-1.0,98.6,0.256,0.364,0.544,0.506,11.5,22.3,0.198,0.535,13.2,79.1,0.176,529870.0,17093.0,2020
17,SAS,27,32,39,33,38,-1.11,0.46,-0.65,112.4,113.5,-1.1,100.5,0.262,0.318,0.572,0.531,11.2,20.1,0.212,0.542,11.7,79.2,0.193,550515.0,18351.0,2020
18,MEM,24,34,39,34,39,-1.07,0.16,-0.91,109.2,110.3,-1.1,102.8,0.24,0.346,0.561,0.528,13.2,23.0,0.183,0.521,12.7,77.8,0.217,523297.0,15857.0,2020
19,POR,27,35,39,34,40,-1.15,0.54,-0.61,113.7,114.8,-1.1,100.7,0.242,0.374,0.57,0.533,11.2,22.4,0.194,0.53,11.2,75.3,0.208,628303.0,19634.0,2020
20,NOP,25,30,42,33,39,-1.29,0.74,-0.55,110.7,111.9,-1.2,103.7,0.256,0.403,0.568,0.539,13.9,24.2,0.186,0.532,12.4,77.8,0.212,528172.0,16505.0,2020
21,SAC,27,31,41,31,41,-2.04,0.46,-1.59,110.2,112.2,-2.0,98.9,0.23,0.395,0.566,0.534,13.0,21.9,0.177,0.543,13.6,78.4,0.225,520663.0,16796.0,2020
22,CHI,24,22,43,26,39,-3.08,-0.93,-4.0,106.7,109.8,-3.1,99.7,0.231,0.396,0.547,0.515,13.7,22.8,0.175,0.546,16.3,75.6,0.239,639352.0,18804.0,2020
23,DET,25,20,46,26,40,-3.56,-0.82,-4.38,109.0,112.7,-3.7,97.6,0.261,0.381,0.561,0.529,13.8,22.6,0.194,0.541,12.7,75.9,0.186,509469.0,15294.0,2020
24,MIN,24,19,45,24,40,-4.3,0.28,-4.02,108.1,112.2,-4.1,103.4,0.277,0.433,0.551,0.514,13.0,22.1,0.209,0.541,13.2,77.2,0.218,482112.0,15066.0,2020
25,WAS,25,25,47,26,46,-4.67,-0.57,-5.24,110.9,115.5,-4.6,102.7,0.27,0.358,0.562,0.523,12.2,22.2,0.213,0.558,13.9,75.3,0.231,532702.0,16647.0,2020
26,NYK,24,21,45,20,46,-6.45,-0.26,-6.72,106.5,113.0,-6.5,98.6,0.263,0.318,0.531,0.501,12.6,25.8,0.182,0.541,12.4,78.3,0.224,620789.0,18812.0,2020
27,CHA,24,23,42,19,46,-6.75,-0.28,-7.03,106.3,113.3,-7.0,95.8,0.252,0.399,0.539,0.504,13.3,23.9,0.188,0.546,13.1,74.4,0.159,478591.0,15428.0,2020
28,ATL,24,20,47,18,49,-7.97,0.27,-7.71,107.2,114.8,-7.6,103.0,0.258,0.398,0.554,0.515,13.8,21.6,0.204,0.543,12.7,74.9,0.233,545453.0,16043.0,2020
29,CLE,25,19,46,18,47,-7.89,0.12,-7.77,107.5,115.4,-7.9,98.7,0.227,0.362,0.553,0.522,14.6,24.6,0.172,0.56,11.7,77.4,0.164,643008.0,17861.0,2020
30,GSW,24,15,50,16,49,-8.71,0.59,-8.12,105.2,113.8,-8.6,100.3,0.264,0.355,0.54,0.497,13.2,21.5,0.212,0.553,13.7,76.4,0.193,614176.0,18064.0,2020
1,UTA,28,52,20,55,17,9.25,-0.29,8.97,117.6,108.3,9.3,98.5,0.244,0.488,0.597,0.563,12.7,24.5,0.195,0.507,10.3,79.3,0.159,151300.0,4203.0,2021
2,LAC,28,47,25,49,23,6.18,-0.16,6.02,117.6,111.2,6.4,96.9,0.222,0.4,0.599,0.564,12.2,22.7,0.186,0.531,11.9,79.1,0.186,13901.0,386.0,2021
3,PHX,26,51,21,49,23,5.82,-0.15,5.67,117.2,111.3,5.9,97.2,0.212,0.392,0.597,0.564,11.5,20.8,0.177,0.534,12.4,78.5,0.194,104027.0,2890.0,2021
4,MIL,28,46,26,48,24,5.89,-0.32,5.57,117.2,111.4,5.8,102.2,0.233,0.404,0.593,0.566,12.0,23.3,0.177,0.536,11.5,79.7,0.157,64780.0,1799.0,2021
5,PHI,27,49,23,48,24,5.58,-0.31,5.28,113.2,107.6,5.6,99.5,0.293,0.347,0.579,0.541,12.8,23.2,0.225,0.521,13.8,78.2,0.2,68583.0,1905.0,2021
6,DEN,26,47,25,47,25,4.93,-0.11,4.82,117.1,112.1,5.0,97.1,0.219,0.383,0.588,0.557,12.1,24.7,0.176,0.545,12.9,78.9,0.2,54563.0,1516.0,2021
7,BKN,28,48,24,46,26,4.5,-0.27,4.24,118.3,113.8,4.5,99.5,0.258,0.413,0.61,0.575,12.2,21.4,0.208,0.531,11.1,77.3,0.187,30491.0,847.0,2021
8,LAL,28,42,30,42,30,2.79,-0.03,2.77,109.9,107.1,2.8,98.7,0.271,0.363,0.569,0.536,13.6,22.5,0.2,0.526,13.7,79.7,0.184,23313.0,648.0,2021
9,DAL,26,42,30,41,31,2.26,-0.01,2.26,115.4,113.0,2.4,97.3,0.242,0.436,0.582,0.55,11.1,21.1,0.189,0.534,11.5,77.8,0.197,94849.0,2635.0,2021
10,NYK,25,41,31,41,31,2.31,-0.18,2.13,110.6,108.2,2.4,95.9,0.242,0.347,0.559,0.524,11.9,21.9,0.19,0.509,11.7,78.6,0.196,42131.0,1170.0,2021
11,ATL,25,41,31,41,31,2.32,-0.18,2.14,115.7,113.3,2.4,97.6,0.278,0.382,0.581,0.539,11.9,24.4,0.226,0.53,11.1,77.8,0.19,59288.0,1647.0,2021
12,POR,27,42,30,40,32,1.79,0.01,1.81,117.8,116.0,1.8,98.4,0.238,0.448,0.577,0.54,9.9,23.0,0.195,0.546,11.2,77.5,0.203,5817.0,162.0,2021
13,BOS,25,36,36,39,33,1.46,-0.14,1.32,114.0,112.5,1.5,98.3,0.234,0.409,0.574,0.543,12.5,24.3,0.181,0.539,12.8,78.1,0.215,30067.0,835.0,2021
14,GSW,26,39,33,38,34,1.06,0.04,1.1,111.1,110.1,1.0,102.2,0.239,0.439,0.583,0.551,13.3,17.9,0.188,0.522,13.1,76.6,0.223,33457.0,929.0,2021
15,MEM,24,38,34,38,34,1.03,0.04,1.07,112.0,111.0,1.0,100.4,0.232,0.342,0.56,0.528,11.6,24.2,0.179,0.535,13.1,78.3,0.196,61449.0,1707.0,2021
16,MIA,27,40,32,36,36,0.03,-0.09,-0.06,111.2,111.2,0.0,96.6,0.252,0.432,0.581,0.546,13.1,19.4,0.199,0.542,13.8,77.9,0.183,,,2021
17,IND,26,34,38,36,36,-0.04,-0.08,-0.13,112.4,112.4,0.0,101.6,0.227,0.372,0.575,0.542,11.9,20.2,0.18,0.531,12.7,74.9,0.201,,,2021
18,NOP,24,31,41,35,37,-0.29,0.1,-0.2,113.5,113.8,-0.3,100.1,0.293,0.342,0.57,0.537,12.7,26.3,0.214,0.55,11.9,80.0,0.186,93120.0,2587.0,2021
19,TOR,26,27,45,35,37,-0.47,-0.07,-0.54,112.0,112.5,-0.5,99.2,0.241,0.444,0.567,0.529,11.9,20.8,0.196,0.543,14.4,76.3,0.234,26024.0,723.0,2021
20,CHI,25,31,41,34,38,-0.89,-0.05,-0.94,111.1,112.0,-0.9,99.0,0.197,0.383,0.575,0.547,13.6,22.3,0.156,0.538,11.6,80.3,0.196,13655.0,379.0,2021
21,SAS,26,33,39,32,40,-1.74,0.15,-1.58,111.0,112.8,-1.8,98.9,0.243,0.314,0.554,0.517,10.2,20.0,0.192,0.541,11.8,77.3,0.174,61053.0,1696.0,2021
22,WAS,26,34,38,32,40,-1.83,-0.01,-1.85,111.2,113.0,-1.8,104.1,0.288,0.319,0.569,0.531,12.3,21.3,0.221,0.539,12.5,77.6,0.217,19198.0,533.0,2021
23,CHA,24,33,39,32,40,-1.93,-0.01,-1.94,110.9,112.8,-1.9,98.3,0.238,0.422,0.564,0.532,13.3,23.5,0.181,0.55,13.2,75.7,0.163,68255.0,1896.0,2021
24,SAC,25,31,41,28,44,-3.68,0.23,-3.45,113.6,117.2,-3.6,100.0,0.248,0.376,0.578,0.549,12.0,21.3,0.185,0.557,12.1,75.0,0.199,,,2021
25,DET,24,20,52,26,46,-4.47,0.09,-4.38,108.0,112.5,-4.5,97.9,0.273,0.385,0.556,0.519,13.5,21.9,0.207,0.541,12.6,76.9,0.195,14250.0,396.0,2021
26,MIN,23,23,49,24,48,-5.56,0.31,-5.25,109.5,115.0,-5.5,101.6,0.254,0.413,0.555,0.52,12.4,22.7,0.193,0.556,13.3,76.8,0.207,15774.0,438.0,2021
27,HOU,26,17,55,20,52,-7.9,0.4,-7.5,107.1,114.9,-7.8,101.4,0.252,0.459,0.553,0.521,13.0,19.8,0.187,0.555,12.9,77.1,0.201,117009.0,3250.0,2021
28,CLE,24,22,50,18,54,-8.44,0.25,-8.19,105.8,114.4,-8.6,97.3,0.261,0.347,0.543,0.508,13.9,23.6,0.194,0.556,13.0,76.6,0.183,91476.0,2541.0,2021
29,ORL,25,21,51,17,55,-9.31,0.29,-9.02,105.1,114.5,-9.4,98.7,0.24,0.356,0.527,0.49,11.5,21.6,0.186,0.547,11.5,78.2,0.169,126463.0,3513.0,2021
30,OKC,22,22,50,15,57,-10.64,0.51,-10.13,103.5,114.0,-10.5,101.0,0.242,0.399,0.539,0.509,14.2,21.2,0.176,0.547,11.5,77.9,0.167,,,2021
